Names,Gender
Babita,F
Bageshri,F
Bahugandha,F
Bahula,F
Baijanti,F
Bairavi,F
Baka,F
Bakul,F
Bakula,F
Bala,F
Bandhavi,F
Bandhura,F
Banhi,F
Bani,F
Banmala,F
Banni,F
Bansari,F
Barkha,F
Barsha,F
Baruni,F
Basabi,F
Basanti,F
Pralove,M
Bavishya,F
Bavishni,F
Beena,F
Bel,F
Bela,F
Belli,F
Benaka,F
Bhadra,F
Bhadrusha,F
Bhagavathi,F
Bhagini,F
Bhagirathi,F
Bhagwanti,F
Bhagwati,F
Bhagyalakshmi,F
Bhagyashri,F
Bhagyawati,F
Bhairavi,F
Bhakti,F
Bhama,F
Bhamini,F
Bhamini,F
Bhandhavi,F
Bhanu,F
Bhanuja,F
Bhanumati,F
Bhanuni,F
Bhanupriya,F
Bhanusri,F
Bharati,F
Bharavi,F
Bhargavi,F
Bhaumi,F
Bhavana,F
Bhavani,F
Bhavi,F
Bhavika,F
Bhavini,F
Bhavna,F
Bhavya,F
Bhawna,F
Bheema,F
Bhooma,F
Bhoomi,F
Bhrithi,F
Bhumika,F
Bhupali,F
Bhuvana,F
Bhuvi,F
Bidisha,F
Bijal,F
Bijali,F
Bijli,F
Bimala,F
Bimbi,F
Bina,F
Bindhiya,F
Bindu,F
Binita,F
Bipasha,F
Bishakha,F
Bodhi,F
Brahmani,F
Brijabala,F
Brinda,F
Briti,F
Bryn,F
Bulbul,F
Aabha,F
Aabharana,F
Aadarshini,F
Aadhya,F
Aadita,F
Aadrika,F
Aahlaadita,F
Aahna,F
Aakanksha,F
Aakriti,F
Aaloka,F
Aamaal,F
Aamani,F
Aamrapali,F
Aanandamayee,F
Aanandi,F
Aanandita,F
Aanchal,F
Aaniya,F
Aapti,F
Aaral,F
Aaradhya,F
Aaratrika,F
Aarti,F
Aarika,F
Aarini,F
Aarna,F
Aarohi,F
Aarti,F
Aarushi,F
Aasha,F
Aashalata,F
Aashi,F
Aashiyana,F
Aashna,F
Aashni,F
Aashritha,F
Aasia,F
Aastha,F
Aathmika,F
Aatmaja ,F
Aayushi,F
Abha,F
Abhaya,F
Abhijaata,F
Abhijita,F
Abhilasha,F
Abhimani,F
Abhipsa,F
Abhira,F
Abhiri,F
Abhirami,F
Abhiruchi,F
Abhirupa,F
Abhisarika,F
Abishta,F
Abhitha,F
Abirami,F
Ablaa,F
Aboli,F
Achala,F
Achla,F
Achira,F
Adhira,F
Adhishree,F
Adishakti,F
Aditi,F
Aditri,F
Adrika,F
Advika,F
Adwita,F
Adwiteya,F
Adwitiya,F
Adya,F
Agamya,F
Aghanashini,F
Agnishikha,F
Agrata,F
Agrima,F
Agriya,F
Ahalya,F
Ahimsa,F
Ahladita,F
Aishani,F
Aishi,F
Aishwarya,F
Ajaa,F
Aja,F
Ajala,F
Ajaya,F
Ajita,F
Akane,F
Akanksha,F
Akashleena,F
Akhila,F
Akira,F
Akriti,F
Akshadha,F
Akshainie,F
Akshara,F
Akshata,F
Akshayaa,F
Akshi,F
Akshita,F
Akula,F
Akuti,F
Alaina,F
Alak,F
Alaknanda,F
Alaka,F
Alakananda,F
Alankrita,F
Alda,F
Alekhya,F
Alisha,F
Alka,F
Almas,F
Aloki,F
Alopa,F
Alpa,F
Alpana,F
Alpita ,F
Amal,F
Amala,F
Amaldeepti,F
Amara,F
Amaris,F
Amba,F
Ambaalika,F
Ambar,F
Ambika,F
Ambu,F
Ambuda,F
Ambuja,F
Ami,F
Amidi,F
Amisha,F
Amishi,F
Amishta,F
Amita,F
Amithi,F
Amiti,F
Amitjyoti,F
Amitrasudan,F
Amiya,F
Amla,F
Amlankusum,F
Amlika,F
Ammu,F
Amoda,F
Amodini,F
Amolika,F
Amoolya,F
Amrapali,F
Amrita,F
Amritambu,F
Amritaya,F
Amritkala,F
Ana,F
Anaamika ,F
Anagha,F
Anagi,F
Anahita,F
Analaa,F
Anamika,F
Anamitra,F
Ananda,F
Anandani,F
Anandi,F
Anandita,F
Anandmayee,F
Anangee,F
Anantaa,F
Ananti,F
Ananya,F
Anarghya,F
Anasuya,F
Anbar,F
Anchal,F
Anchala,F
Anchita,F
Andal,F
Anemone,F
Angaja,F
Angana,F
Angarika,F
Angha,F
Angira,F
Angoori,F
Ania,F
Aniha,F
Anika,F
Anima,F
Anilaja,F
Anindita,F
Anisa,F
Anisha,F
Anishka,F
Anita,F
Aniya,F
Anjalee,F
Anjali,F
Anjana,F
Anjani,F
Anjika,F
Anjini,F
Anju,F
Anjushri,F
Ankal,F
Ankaiyarkanni,F
Ankita,F
Ankolika,F
Anmol,F
Anna,F
Annada,F
Annapoorna,F
Annika,F
Annisa,F
Annjaya,F
Anokhi,F
Ansha,F
Anshi,F
Anshika,F
Anshita,F
Anshula,F
Anshumaala,F
Anshumali,F
Ansuya,F
Antara,F
Antariksha,F
Anu,F
Anubhuti,F
Anudeepthi,F
Anugraha,F
Anugya,F
Anuja,F
Anukampa,F
Anukeertana,F
Anukriti,F
Anula,F
Anulata,F
Anulekha,F
Anuloma,F
Anumati,F
Anumegha,F
Anumeha,F
Anumita,F
Anupa,F
Anupama,F
Anupriya,F
Anuradha,F
Anuragini,F
Anurati,F
Anusha,F
Anushka,F
Anushri,F
Anuttara,F
Anvi,F
Anvita,F
Anwita,F
Anya,F
Aolani,F
Apala,F
Aparaa,F
Aparaajita,F
Aparna,F
Aparoop,F
Apeksha,F
Apinaya,F
Apsara,F
Apurba,F
Apurva,F
Araceli,F
Aradhana,F
Aradhya,F
Archa,F
Archana,F
Archini,F
Archisha,F
Archita,F
Ardra,F
Arghya,F
Arianna,F
Arij,F
Arja,F
Arjuni,F
Arkita,F
Armita,F
Arni,F
Arogyada,F
Arpana,F
Arpita,F
Arshi,F
Arshia,F
Arshiya,F
Artana,F
Arti,F
Aruna,F
Arundhati,F
Aruni,F
Arunima,F
Arushi,F
Arwa,F
Arya,F
Aryahi,F
Aryama,F
Aryana,F
Asah,F
Asaavari,F
Aseema,F
Asha,F
Ashakiran,F
Ashalata,F
Ashani,F
Ashavari,F
Ashika,F
Ashima,F
Ashiqa,F
Ashira,F
Ashita,F
Ashlesha,F
Ashley Ash wood,F
Ashmi,F
Ashmita,F
Ashnaa,F
Ashna,F
Ashrita,F
Ashu,F
Ashwabha,F
Ashwina,F
Ashwini,F
Asita,F
Askini,F
Asmita,F
Astha,F
Aswathi,F
Asya,F
Atasi,F
Athasha,F
Atheeva,F
Atiriya,F
Atiya,F
Atmaja,F
Atmikha,F
Atreyi,F
Atula,F
Auhna,F
Aushima,F
Avaapya,F
Avani,F
Avanti,F
Avantika,F
Avantikaa,F
Avasa,F
Avathara,F
Avinashi,F
Avinashika,F
Avipsa,F
Avishi,F
Avni,F
Avnita,F
Ayanna,F
Ayati,F
Ayeh,F
Ayesha,F
Ayurda,F
Ayushi,F
Ayushmati,F
Cauvery,F
Chaaya,F
Chahna,F
Chairavali,F
Chaitali,F
Chaitaly,F
Chaitanya,F
Chaitra,F
Chakori,F
Chakrika,F
Chalama,F
Chaman,F
Chameli,F
Champa,F
Champakmala,F
Chanchal,F
Chanchala,F
Chanchari,F
Chanda,F
Chandana,F
Chandani,F
Chandika,F
Chandini,F
Chandra,F
Chandrabha,F
Chandrabhaga,F
Chandrajyoti,F
Chandrakala,F
Chandrakali,F
Chandrakanta,F
Chandrakanti,F
Chandraki,F
Chandralekha,F
Chandramukhi,F
Chandraprabha,F
Dhruvit,M
Chandrapushpa,F
Dhruvit,M
Chandrika,F
Chane,F
Chapala,F
Chara,F
Charita,F
Charmaine,F
Charu,F
Charulata,F
Charulekha,F
Charumati,F
Charunetra,F
Charusheela,F
Charvi,F
Chashmum,F
Chatura,F
Chaunta,F
Chayla,F
Chetna,F
Chhavi,F
Chhavvi,F
Chhaya,F
Chinmayi,F
Chintamani,F
Chitra,F
Chitragandha,F
Chitrakshi,F
Chitralekha,F
Chitrali,F
Chitrangada,F
Chitrani,F
Chitrathi,F
Chitrita,F
Chunni,F
Daksha,F
Dakshayani,F
Dalaja,F
Damini,F
Damyanti,F
Darika,F
Darpana,F
Darshana,F
Daya,F
Dayamayi,F
Dayanita,F
Dayita ,F
Deborah,F
Deekshaa,F
Deekshita,F
Deena,F
Deepa,F
Deepal,F
Deepali,F
Deepakala,F
Deepaprabha,F
Deepavati,F
Deepika,F
Deepshika,F
Deepta,F
Deepti,F
Deeta,F
Deetya,F
Deleena,F
Demira,F
Desna,F
Devakali,F
Devaki,F
Devakiri,F
Devangi,F
Devani,F
Devanshi,F
Devapriya,F
Devashree,F
Deveshi,F
Devi,F
Devika,F
Devin,F
Devishi,F
Devkanya,F
Devki,F
Devmani,F
Devna,F
Devyani,F
Dhanashri,F
Dhanishta,F
Dhanvanti,F
Dhanya,F
Dhanyata,F
Dhara,F
Dharini,F
Dharitri,F
Dharmista,F
Dharnitha,F
Dharti,F
Dharuna,F
Dhatri,F
Dheeptha,F
Dhinushshini,F
Dhlriti,F
Dhriti,F
Dhruti,F
Dhruva,F
Dhruvi,F
Dhruvika,F
Dhuti,F
Dhwani,F
Dhyana,F
Dhyuti,F
Digambari,F
Diksha,F
Dimple,F
Dipali,F
Dipashri,F
Dipti,F
Disha,F
Dishi,F
Dishita,F
Diti,F
Divija,F
Divya,F
Divyana,F
Divyanshi,F
Diya,F
Draupadi,F
Drisana,F
Drishya,F
Dristi,F
Druti,F
Durga,F
Durriya,F
Durva,F
Dyuti,F
Ecchumati,F
Edha,F
Eesha,F
Eila,F
Eiravati,F
Ekaa,F
Ekaja,F
Ekani,F
Ekanta,F
Ekantika,F
Ekaparnika,F
Ekta,F
Ela,F
Elina,F
Eswary,F
Esha,F
Eta,F
Falguni,F
Firaki,F
Forum,F
Fulki,F
Fullan,F
Fulmala,F
Gajra,F
Gandhali,F
Ganesa,F
Ganga,F
Gangi,F
Gangika,F
Ganika,F
Ganjan,F
Garati,F
Gargi,F
Garima,F
Gaura,F
Gauri,F
Gaurika,F
Gautami,F
Gayatri,F
Geet,F
Geeta,F
Geeti,F
Gina,F
Ginni,F
Gira,F
Giribala,F
Girija,F
Girisha,F
Gita,F
Gitali,F
Gitanjali,F
Gitashri,F
Gitika,F
Giva,F
Goda,F
Goda Devi,F
Godavari,F
Godavri,F
Gomti,F
Gopa,F
Gopi,F
Gopika,F
Gorma,F
Gorochana,F
Gourangi,F
Gowri,F
Greeshma,F
Grishma,F
Guddu,F
Gul,F
Gulab,F
Gulika,F
Gunita,F
Gunjan,F
Gunjita,F
Gunnika,F
Gurjari,F
Gurparveen,F
Gyanada,F
Haimi,F
Haimavathi,F
Hamsa,F
Hamsavahini,F
Hamsini,F
Hansa,F
Hansamala,F
Hansini,F
Haribala,F
Harinakshi,F
Harini,F
Haripriya,F
Harita,F
Harper,F
Harsha,F
Harshada,F
Harshal,F
Harshika,F
Harshini,F
Harshita,F
Harsika,F
Hasina,F
Hasita,F
Heera,F
Heerkani,F
Hem,F
Hema,F
Hemadri,F
Hemakshi,F
Hemal,F
Hemalata,F
Hemangi,F
Hemangini,F
Hemani,F
Hemanti,F
Hemaprabha,F
Hemashri,F
Hemavati,F
Hemkanta,F
Hemlata,F
Henna,F
Hetal,F
Hilla,F
Hima,F
Hima,F
Himagour,F
Himaja,F
Himani,F
Hina,F
Hinda,F
Hiral,F
Hiranmayi,F
Hita,F
Hitaishi,F
Hiya,F
Hradini,F
Hridya,F
Hrithika,F
Huma,F
Humaila,F
Hyma,F
Hymavathi,F
Idha,F
Idika,F
Iditri,F
Iha,F
Ihita,F
Ijaya,F
Iksha,F
Ikshita,F
Ikshula,F
Iksura,F
ILA,F
Imani,F
Ina,F
Inas,F
Inayat,F
Indira,F
Indrakanta,F
Indrakshi,F
Indrani,F
Indrina,F
Indu,F
Induja,F
Indukala,F
Indukanta,F
Indulala,F
Indulekha,F
Induma,F
Indumati,F
Indumauli,F
Induprabha,F
Inika,F
Inu,F
Ipsa,F
Ipsita,F
Ira,F
Iraja,F
Iravati,F
Irit,F
Isha,F
Ishana,F
Ishani,F
Ishanvi,F
Ishi,F
Ishita,F
Ishwari,F
Ishwarya,F
Ishya,F
Iti,F
Itkila,F
Iyla,F
Jaba,F
Jagadamba,F
Jagadambika,F
Jaganmayee,F
Jaganmata,F
Jaganmohini,F
Jagati,F
Jagrati,F
Jagruti,F
Jagvi,F
Jahnavi,F
Jaina,F
Jaishnavi,F
Jaitashri,F
Jaladhija,F
Jalaja,F
Jalbala,F
Jalpa,F
Jalsa,F
Jamuna,F
Janaki,F
Janaknandini,F
Janani,F
Janavika,F
Janisha,F
Janki,F
Januja,F
Janya,F
Jarul,F
Jasmin,F
Jasmit,F
Jasu,F
Jasum,F
Jasweer,F
Jaasritha,F
Jaya,F
Jayalakshmi,F
Jayalalita,F
Jayamala,F
Jayan,F
Jayani,F
Jayanti,F
Jayaprabha,F
Jayaprada,F
Jayashri,F
Jayasudha,F
Jayavanti,F
Jayita,F
Jayna,F
Jayne,F
Jeeteshi,F
Jeevika,F
Jesal,F
Jhalak,F
Jharna,F
Jigisha,F
Jigna,F
Jignasa,F
Jigyasa,F
Jilpa,F
Jinal,F
Jinisha,F
Jiya,F
Joshila,F
Joshitha,F
Joshika,F
Jovita,F
Jowaki,F
Juana,F
Juhi,F
Jui,F
Jwala,F
Jyeshtha,F
Jyena,F
Jyoti,F
Jyotika,F
Jyotirmayi,F
Jyotishmati,F
Jyotsna,F
Kaajal,F
Kaalaka,F
Kaalanjari,F
Kaamakya,F
Kaasni,F
Kadambari,F
Kadambini,F
Kairavi,F
Kaishori,F
Kajjali,F
Kajol,F
Kajri,F
Kakali,F
Kakoli,F
Kala,F
Kalakarni,F
Kalapi,F
Kalapini,F
Kalavati,F
Kali,F
Kalika,F
Kalima,F
Kalindi,F
Kalini,F
Kallol,F
Kalpana,F
Kalyani,F
Kamakshi,F
Kamal,F
Kamala,F
Kamalakshi,F
Kamalika,F
Kamalini,F
Kamana,F
Kameshvari,F
Kamini,F
Kamna,F
Kamya,F
Kana,F
Kanaka,F
Kanakabati,F
Kanaklata,F
Kanakapriya,F
Kanan,F
Kananbala,F
Kanasu,F
Kanchan,F
Kanchana,F
Kanchanprabha,F
Kanchi,F
Kani,F
Kanika,F
Kanira,F
Kanishka,F
Kanjri,F
Kankalini,F
Kankana,F
Kannaki,F
Kanta,F
Kanti,F
Kanupriya,F
Kanushi,F
Kanya,F
Kanyaka,F
Kanyakumari,F
Kaksi,F
Kapila,F
Kapotakshi,F
Karabi,F
Karala,F
Karalika,F
Kareena,F
Karishma,F
Karka,F
Karla,F
Karnapriya,F
Karthiaeini,F
Karuka,F
Karul,F
Karuna,F
Karunamayee,F
Karunya,F
Kashi,F
Kashika,F
Kashish,F
Kashmira,F
Kashvi,F
Kashwini,F
Kashyapi,F
Kasturi,F
Kathyayani,F
Kaumudi,F
Kausalya,F
Kaushali,F
Kaushalya,F
Kaushiki,F
Kaustubhi,F
Kautirya,F
Kaver,F
Kavika,F
Kavin,F
Kavita,F
Kaviya,F
Kavishri,F
Kavni,F
Kavya,F
Keemaya,F
Keertana,F
Keerthana,F
Keerthi,F
Keerthika,F
Kenga,F
Kenisha,F
Kerani,F
Kesar,F
Kesari,F
Keshi,F
Keshika,F
Keshini,F
Keshori,F
Ketaki,F
Ketika,F
Ketki,F
Keva,F
Keya,F
Keyuri,F
Khanika,F
Khushi,F
Khyath,F
Khyati,F
Kimatra,F
Kimaya,F
Kina,F
Kinaari,F
Kinjal,F
Kinnari,F
Kinnera,F
Kiran,F
Kiranmala,F
Kiranmayi,F
Kirati,F
Kirtana,F
Kirti,F
Kirtmalini,F
Kiruba,F
Kishmish,F
Kishori,F
Kitu,F
Komal,F
Komala,F
Komali,F
Koyel,F
Koyna,F
Kosi,F
Krandasi,F
Kranti,F
Krina,F
Kripa,F
Kripi,F
Krisha,F
Krishi,F
Krishna,F
Krishnakali,F
Krishnaveni,F
Kriti,F
Krittika,F
Kritu,F
Krupa,F
Krupali,F
Kruti,F
Kshama,F
Kshamya,F
Kshanaprabha,F
Kshanika,F
Kshema,F
Kshemya,F
Kshipa,F
Kshipra,F
Kshipva,F
Kshiraja,F
Kshirin,F
Kshirja,F
Kshiti,F
Kshitija,F
Kuhuk,F
Kuja,F
Kumari,F
Kumkum,F
Kumud,F
Kumuda,F
Kumudini,F
Kunda,F
Kundan,F
Kundanika,F
Kunisha,F
Kunjal,F
Kunjalata,F
Kunjana,F
Kunshi,F
Kuntal,F
Kuntala,F
Kunti,F
Kurangi,F
Kushala,F
Kusum,F
Kusuma,F
Kusumanjali,F
Kusumavati,F
Kusumita,F
Kusumlata,F
Kuvam,F
Kuvira,F
Laabha,F
Laalamani,F
Laasya,F
Labangalata,F
Laboni,F
Labuki,F
Ladhi,F
Ladli,F
Laghima,F
Laghuvi,F
Laharika,F
Lajita,F
Lajja,F
Lajjawati,F
Lajvanti,F
Lajvati,F
Lajwanti,F
Lajwati,F
Lakhi,F
Laksha,F
Lakshaki,F
Lakshana,F
Lakshanya,F
Lakshita,F
Lakshmi,F
Lakshmishree,F
Lakshya,F
Lalan,F
Lalana,F
Lalasa,F
Lali,F
Lalima,F
Lalita,F
Lalitamohana,F
Laranya,F
Lasaki,F
Lata,F
Latakara,F
Latangi,F
Latika,F
Lavali,F
Lavangi,F
Lavani,F
Lavanya,F
Lavenia,F
Laxmi,F
Leela,F
Leelamayee,F
Lilavati,F
Leena,F
Lekha,F
Lekisha,F
Leora,F
Libni,F
Lilavati,F
Lillian,F
Lilly,F
Lipi,F
Lipika,F
Lochana,F
Lohini,F
Lokajanani,F
Lokamatri,F
Lola,F
Lolaksi,F
Lolita,F
Lona,F
Lopa,F
Lopamudra,F
Loukya,F
Lucia,F
Lumbika,F
Lunasha,F
Maanika,F
Madhavi,F
Madhavilata,F
Madhu,F
Madhubala,F
Madhuchanda,F
Madhuksara,F
Madhul,F
Madhulata,F
Madhulekha,F
Madhulika,F
Madhumalati,F
Madhumathi,F
Madhumitha,F
Madhunisha,F
Madhupriya,F
Madhur,F
Madhura,F
Madhureema,F
Madhuri,F
Madhurima,F
Madhushri,F
Madhuvanthi,F
Madhvi,F
Madirakshi,F
Magadhi,F
Magana,F
Maghi,F
Mahabhadra,F
Mahadevi,F
Mahagauri,F
Mahakali,F
Mahakanta,F
Mahalakshmi,F
Mahamaya,F
Mahaniya,F
Mahasri,F
Mahasweta,F
Mahati,F
Maheshi,F
Maheshwari,F
Mahi,F
Mahijuba,F
Mahika,F
Mahima,F
Mahita,F
Mahiya,F
Mahua,F
Maina,F
Maithili,F
Maitreya,F
Maitreyi,F
Maitry,F
Makali,F
Makshi,F
Mala,F
Malashree,F
Malati,F
Malavika,F
Malaya,F
Maliha,F
Malika,F
Malina,F
Malini,F
Malka,F
Malli,F
Mallika,F
Malti,F
Malvika,F
Mamata,F
Mamta,F
Mana,F
Manali,F
Manana,F
Manasa,F
Manasi,F
Manasvi,F
Manasvini,F
Manavi,F
Manda,F
Mandakranta,F
Mandakini,F
Mandara,F
Mandarmalika,F
Mandavi,F
Mandeepa,F
Mandira,F
Mandodari,F
Mangala,F
Mani,F
Manideepa,F
Manika,F
Manikuntala,F
Manimala,F
Manimekhala,F
Manini,F
Maniratna,F
Manisha,F
Manishika,F
Manjari,F
Manjira,F
Manjistha,F
Manjyot,F
Manju,F
Manjubala,F
Manjubhargavi,F
Manjula,F
Manjulika,F
Manjusha,F
Manjushri,F
Manjusri,F
Manmayi,F
Manna,F
Manorama,F
Manoranjana,F
Manshree,F
Mansi,F
Mantra,F
Manushri,F
Manya,F
Marala,F
Mareesha,F
Margi,F
Marichi,F
Marichika,F
Markandeya,F
Marisa,F
Marsha,F
Marudhvathi,F
Marushika,F
Marya,F
Masara,F
Masum,F
Matangi,F
Matisha,F
Matra,F
Matrika,F
Mausam,F
Mausami,F
Maya,F
Mayra,F
Mayukhi,F
Mayura,F
Mayuri,F
Mayurika,F
Medha,F
Medini,F
Meena,F
Meenakshi,F
Meenal,F
Meera,F
Megan,F
Megha,F
Meghana,F
Meghavini,F
Meha,F
Mehak,F
Mehal,F
Mehul,F
Mehuli,F
Mekhala,F
Mela,F
Mena,F
Menaha,F
Menaja,F
Menaka,F
Methra,F
Mihika,F
Mihira,F
Mili,F
Mina,F
Minakshi,F
Minal,F
Minati,F
Minisha,F
Mira,F
Miraya,F
Misha,F
Mishaye,F
Mishika,F
Mishita,F
Mishti,F
Misri,F
Mita,F
Mitali,F
Mithra,F
Mithila,F
Mohana,F
Mohati,F
Mohi,F
Mohini,F
Mohita,F
Mokshita,F
Moksin,F
Molina,F
Mona,F
Monal,F
Monica,F
Monisha,F
Moubani,F
Moukthika,F
Mounika,F
Mounisha,F
Mousumi,F
Mridini,F
Mridu,F
Mridula,F
Mrigakshi,F
Mriganayani,F
Mrinal,F
Mrinali,F
Mrinalika,F
Mrinalini,F
Mrinmayee,F
Mritsa,F
Mrittika,F
Mruda,F
Mrudula,F
Mrunmai,F
Mruthula,F
Mudra,F
Mudrika,F
Mugdha,F
Pappu,M
Mukta,F
Mukti,F
Mukula,F
Mukunda,F
Muniya,F
Muskan,F
Mythily,F
Mythri,F
Nabah,F
Nabanipa,F
Nabhi,F
Nachni,F
Nadia,F
Nadira,F
Nagalata,F
Nagashree,F
Nagina,F
Nagini,F
Naidhrua,F
Naija,F
Naina,F
Nainika,F
Pralove,M
Naisha,F
Naishadha,F
Nakti,F
Nakshatra,F
Nakula,F
Nalika,F
Nalini,F
Namana,F
Nami,F
Namita,F
Namrah,F
Namrata,F
Namasya,F
Namuchi,F
Nanaki,F
Nanda,F
Nandana,F
Nandi,F
Nandika,F
Nandini,F
Nandita,F
Naomi,F
Naomika,F
Narayani,F
Narmada,F
Nartan,F
Natasha,F
Natali,F
Navadurga,F
Navaneeta,F
Navdeep,F
Naveena,F
Navika,F
Navistha,F
Navita,F
Navneeta,F
Navya,F
Nayana,F
Nayantara,F
Nayonika,F
Neeharika,F
Neela,F
Neelabja,F
Neelaja,F
Neelakshi,F
Neelam,F
Neelanjana,F
Neelima,F
Neelisha,F
Neelja,F
Neelkamala,F
Neena,F
Neepa,F
Neeraja,F
Neeta,F
Neeti,F
Neha,F
Nehal,F
Neharika,F
Netra,F
Netravati,F
Nidhi,F
Nidhipa,F
Nidra,F
Niharika,F
Niju,F
Nikara,F
Nikhita,F
Nikki,F
Nila,F
Nilakshi,F
Nilambari,F
Nilaruna,F
Nilasha,F
Nilashri,F
Nilaya,F
Nilima,F
Nilini,F
Nilshikha,F
Nimisha,F
Nimita,F
Nimmi,F
Nina,F
Ninarika,F
Nipa,F
Nipeksha,F
Niradhara,F
Niral,F
Nirali,F
Niramayee,F
Niranjana,F
Nirosha,F
Nirja,F
Nirmala,F
Nirmayi,F
Nirupa,F
Nirupama,F
Nirvana,F
Nirvi,F
Nisha,F
Nishma,F
Nishi,F
Nishita,F
Nishithini,F
Nishka,F
Nishtha,F
Nistha,F
Nita,F
Nitara,F
Nithya,F
Niti,F
Nitika,F
Nitu,F
Nitya,F
Nityapriya,F
Nityasri,F
Nivedita,F
Niverta,F
Nivriti,F
Niyati,F
Noshi,F
Nupura,F
Nushi,F
Nutan,F
Oditi,F
Oindrila,F
Oja,F
Ojal,F
Ojasvi,F
Ojaswini,F
Oma,F
Omaja,F
Omana,F
Omisha,F
Omkareshwari,F
Omkari,F
Onella,F
Oni,F
Orpita,F
Oviya,F
Padma,F
Padmagriha,F
Padmaja,F
Padmajai,F
Padmakali,F
Padmakshi,F
Padmal,F
Padmalaya,F
Padmalochana,F
Padmamalini,F
Padmapriya,F
Padmarekha,F
Padmashri,F
Padmavasa,F
Padmavati,F
Padmini,F
Padnuni,F
Pahal,F
Pakhi,F
Pakshalika,F
Palak,F
Palaksi,F
Pallavi,F
Pallavini,F
Palomi,F
Pameela,F
Pamela,F
Pampa,F
Panchali,F
Panini,F
Panita,F
Pankaja,F
Pankajadharini,F
Pankhadi,F
Pankhudi,F
Pankita,F
Pankti,F
Panna,F
Paola,F
Parajika,F
Parama,F
Parameshwari,F
Paramita,F
Paravi,F
Parbarti,F
Pari,F
Paridhi,F
Parina,F
Parinita,F
Parivita,F
Pariyat,F
Parmila,F
Parmita,F
Parnal,F
Parnashri,F
Parnakshi,F
Parnavi,F
Parni,F
Parnika,F
Parnita,F
Parthavi,F
Parthivi,F
Parul,F
Parvani,F
Parvati,F
Parveen,F
Parvini,F
Paulmi,F
Pasha,F
Pashupriya,F
Patala,F
Patmanjari,F
Patralekha,F
Paulomi,F
Pauravi,F
Pavaki,F
Pavana,F
Pavani,F
Pavi,F
Pavitra,F
Payal,F
Payoja,F
Pehr,F
Phiroza,F
Phoolan,F
Phutika,F
Pia,F
Piki,F
Pinakini,F
Pinga,F
Pingla,F
Pival,F
Pivari,F
Piyali,F
Pooja,F
Poonam,F
Poorbi,F
Poorna,F
Poornakamala,F
Poornima,F
Poorva,F
Poorvaganga,F
Poorvaja,F
Poorvi,F
Poushali,F
Prabha,F
Prabhada,F
Prabhati,F
Prabhavati,F
Pracheeta,F
Prachi,F
Pradeepta,F
Pradnya,F
Prafula,F
Pragalbha,F
Pragati,F
Pragnya,F
Pragya,F
Pragyaparamita,F
Pragyawati,F
Prajakta,F
Prajna,F
Prakalpa,F
Prakhya,F
Prakriti,F
Prama,F
Pramada,F
Pramila,F
Pramiti,F
Pranali,F
Pranati,F
Pranauthi,F
Pranavi,F
Pranaya,F
Pranidhi,F
Pranitha,F
Pranjal,F
Pranjali,F
Pranvuta,F
Prapti,F
Prarthana,F
Prashansa,F
Prashanthi,F
Prasheetha,F
Prasheila,F
Prateeksha,F
Pratibha,F
Pratichi,F
Pratigya,F
Pratika,F
Pratiksha,F
Pratima,F
Pratishtha,F
Pratitha,F
Pratiti,F
Pratyasha,F
Pratyaksha,F
Pratyusha,F
Praveena,F
Prayuta,F
Preet,F
Preetha,F
Preeti,F
Prema,F
Premila,F
Prerna,F
Preshti,F
Prestha,F
Preyasi,F
Prianka,F
Prina,F
Prinaka,F
Prisha,F
Prita,F
Prital,F
Pritha,F
Prithika,F
Prithuloma,F
Priti,F
Pritika,F
Pritikana,F
Pritilata,F
Priya,F
Priyadarshini,F
Priyadutta,F
Priyal,F
Priyala,F
Priyam,F
Priyamvada,F
Priyanka,F
Priyanvada,F
Priyasha,F
Prutha,F
Puja,F
Puji,F
Pujita,F
Pujya,F
Pulak,F
Pulakita,F
Puloma,F
Punarnava,F
Punarvi,F
Punam,F
Poonam,F
Pundari,F
Punita,F
Punthali,F
Punya,F
Purala,F
Purandhri,F
Purnima,F
Purva,F
Purvaja,F
Purvi,F
Pusha,F
Pushpa,F
Pushpagandha,F
Pushpalata,F
Pushpanjali,F
Pushpavathi,F
Pushpita,F
Pusti,F
Putana,F
Putul,F
Raaka,F
Raakhi,F
Rabia,F
Rabhya,F
Rachana,F
Rachika,F
Rachita,F
Rachna,F
Radha,F
Radhika,F
Raga,F
Ragi,F
Ragini,F
Rahela,F
Raima,F
Raja,F
Rajalakshmi,F
Rajanigandha,F
Rajashri,F
Rajasi,F
Rajata,F
Rajdulari,F
Rajeshri,F
Rajeshwari,F
Rajhansa,F
Raji,F
Rajika,F
Rajkumari,F
Rajnandini,F
Rajni,F
Rajshri,F
Rajul,F
Raka,F
Rakhi,F
Raksha,F
Rakshita,F
Rakshasamardini,F
Rakti,F
Rama,F
Ramani,F
Rambha,F
Rameshwari,F
Ramini,F
Ramita,F
Ramola,F
Ramra,F
Ramya,F
Rangana,F
Rangat,F
Ranhita,F
Rani,F
Ranita,F
Ranjana,F
Ranjini,F
Ranjita,F
Ranjudeep,F
Ranya,F
Rashi,F
Rashmi,F
Rashmika,F
Rasika,F
Rasna,F
Ratanjali,F
Ratchika,F
Rati,F
Ratna,F
Ratnabala,F
Ratnabali,F
Ratnajyoti,F
Ratnalekha,F
Ratnali,F
Ratnamala,F
Ratnangi,F
Ratnaprabha,F
Ratnapriya,F
Ratnavali,F
RatriNight,F
Raveena,F
Raviprabha,F
Raya,F
Rebha,F
Reema,F
Reena,F
Rekha,F
Reman,F
Reneeka,F
Renu,F
Renuka,F
Resham,F
Reshika,F
Reshma,F
Reshmi,F
Reva,F
Revathi,F
Revati,F
Rewa,F
Rhea,F
Rheeya,F
Ria,F
Rhia,F
Richa,F
Richitha,F
Riddhi,F
Ridhima,F
Riju/ Rijul,F
Rijuta,F
Rima,F
Rina,F
Risha,F
Rishika,F
Rishima,F
Rishma,F
Rishmitha,F
Rishita,F
Rita,F
Rithika,F
Riti,F
Ritika,F
Ritisha,F
Ritsika,F
Ritu,F
Rituparna,F
Riya,F
Rochi,F
Rohana,F
Rohin,F
Rohini,F
Rohita,F
Roma,F
Romila,F
Roop,F
Roopa,F
Roopali,F
Roopini,F
Roshna,F
Roshni,F
Rubaina,F
Rucha,F
Ruchi,F
Ruchika,F
Ruchira,F
Ruchita,F
Rudra,F
Rudrabhiravi,F
Rudrakali,F
Rudrani,F
Rudrapriya,F
Rugu,F
Ruhi,F
Ruhin,F
Rujula,F
Rujuta,F
Rukhmini,F
Rukma,F
Rukmini,F
Ruma,F
Rupa,F
Rupal,F
Rupam,F
Rupali,F
Rupashi,F
Rupashri,F
Rupasi,F
Rupeshwari,F
Rupi,F
Rupika,F
Rusham,F
Rushda,F
Ruth,F
Rutva,F
Saachi,F
Saanjh,F
Saanvi,F
Sabeena,F
Sabita,F
Sabrang,F
Sabri,F
Sachi,F
Sachita,F
Sadabhuja,F
Sadhana,F
Sadhika,F
Sadhna,F
Sadhvi,F
Saee,F
Saesha,F
Sagari,F
Sagarika,F
Sagun,F
Saguna,F
Sahana,F
Sahasra,F
Saheli,F
Sahiba,F
Sahila,F
Sahima,F
Sahira,F
Sahitya,F
Sahoj,F
Sai,F
SaiJayani,F
Sajala,F
Sajani,F
Sajili,F
Sajni,F
Saketha,F
Sakhi,F
Sakshi,F
Salila,F
Saloni,F
Sama,F
Samali,F
Samata,F
Samanmitha,F
Sameena,F
Sameera,F
Samhita,F
Samidha,F
Samiksha,F
Samita,F
Samiya,F
Sampada,F
Sampatti,F
Sampriti,F
Samreen,F
Samruddhi,F
Samrta,F
Samskara,F
Samvidha,F
Samvrita,F
Samyuktha,F
Sana,F
Sananda,F
Sanatani,F
Sanavi,F
Sanchali,F
Sanchaya,F
Sanchita,F
Sandhra,F
Sandhya,F
Sanemi,F
Sanghavi,F
Sangita,F
Sangya,F
Sani,F
Sanika,F
Saniya,F
Sanjana,F
Sanjaya,F
Sanjita,F
Sanjivani,F
Sanjna,F
Sanjukta,F
Sanjula,F
Sanjushree,F
Sankul,F
Sannidhi,F
Sanobar,F
Sanoja,F
Sansita,F
Sanskriti,F
Santati,F
Santosh,F
Santoshi,F
Santushti,F
Sanvali,F
Sanvi,F
Sanyogita,F
Sanyukta,F
Saparna,F
Saphala,F
Sapna,F
Sara,F
Sarada,F
Sarakshi,F
Sarala,F
Sarama,F
Saranya,F
Sarasa,F
Sarasi,F
Saraswati,F
Saravati,F
Sarayu,F
Sarbani,F
Sargini,F
Sarika,F
Sarisha,F
Sarita,F
Sarjana,F
Sarjena,F
Sarla,F
Saroja,F
Sarojini,F
Saruchi,F
Sarupa,F
Saruprani,F
Sarvagjna,F
Sarvajina,F
Sarvani,F
Sarvika,F
Sashi,F
Sashmita,F
Sasthi,F
Satha,F
Sati,F
Sattviki,F
Satvari,F
Satvi,F
Satvika,F
Satviki,F
Satya,F
Satyaki,F
Satyarupa,F
Satyavati,F
Saudamini,F
Saumyaa,F
Saumyi,F
Saundarya,F
Saura,F
Sauravi,F
Savarna,F
Savidharani,F
Savi,F
Savita,F
Savitashri,F
Savitha,F
Savitri,F
Sayali,F
Sayantika,F
Sayona,F
Sayuri,F
Seema,F
Seemanti,F
Seemantini,F
Sejal,F
Selma,F
Semanti,F
Serena,F
Sesha,F
Setu,F
Seva,F
Sevati,F
sevanthika,F
Sevita,F
Shabnam,F
Shabari,F
Shachi,F
Shagun,F
Shaila,F
Shailaja,F
Shailasha,F
Shaili,F
Shaivi,F
Shakambari,F
Shakeela,F
Shakini,F
Shakti,F
Shakuntala,F
Shalaka,F
Shalalu,F
Shalika,F
Shalini,F
Shalmali,F
Shama,F
Shambari,F
Shambhavi,F
Shambhukanta,F
Shameena,F
Shamim,F
Shamita,F
Shampa,F
Shankari,F
Shankhamala,F
Shansa,F
Shanta,F
Shantala,F
Shanthini,F
Shanti,F
Shanvi,F
Sharada,F
Sharadini,F
Sharani,F
Sharanya,F
Sharaya,F
Sharda,F
Shardambha,F
Shari,F
Sharika,F
Sharini,F
Sharmadha,F
Sharmila,F
Sharmistha,F
Sharvani,F
Sharvari,F
Shasha,F
Shashi,F
Shashibala,F
Shashikala,F
Shashini,F
Shashiprabha,F
Shashirekha,F
Shaswati,F
Shatakshi,F
Shayna,F
Sheela,F
Sheen,F
Sheetal,F
Shefali,F
Shefalika,F
Shejali,F
Shemyukta,F
Sheoli,F
Shevalini,F
Shevanti,F
Shibani,F
Shichi,F
Shikha,F
Shila,F
Shilavatia,F
Shilna,F
Shilpa,F
Shilpita,F
Shina,F
Shinjini,F
Shipra,F
Shirina,F
Shishirkana,F
Shiuli,F
Shivakanta,F
Shivali,F
Shivangi,F
Shivani,F
Shivanjali,F
Shivanshi,F
Shivapriya,F
Shivasundari,F
Shivi,F
Shivika,F
Shivli,F
Shlesha,F
Shloka,F
Shobha,F
Shobhana,F
Shobhita,F
Shomili,F
Shona,F
Shoni,F
Shonima,F
Shorashi,F
Shraddha,F
Shrankhla,F
Shravani,F
Shravanthi,F
Shravasti,F
Shravya,F
Shraya,F
Shree,F
Shreela,F
Shreema,F
Shreemayi,F
Shreeparna,F
Shreeprada,F
Shreeya,F
Shrejal,F
Shrena,F
Shresta,F
Shresth,F
Shresthi,F
Shreya,F
Shreyashi,F
Shreyovi,F
Shri,F
Shridevi,F
Shridula,F
Shrigauri,F
Shrigeeta,F
Shrijani,F
Shrika,F
Shrikala,F
Shrikama,F
Shrikirti,F
Shrikumari,F
Shrila,F
Shrilata,F
Shrilaxmi,F
Shrilekha,F
Shrimati,F
Shrimayi,F
Shrina,F
Shrinitha,F
Shristi,F
Shrivalli,F
Shrividya,F
Shriya,F
Shriyadita,F
Shrujana,F
Shrujeshwari,F
Shruta,F
Shrutaly,F
Shruthi,F
Shruthika,F
Shruti,F
Shrutika,F
Shrutuja,F
Shubha,F
Shubhada,F
Shubhangi,F
Shubhra,F
Shuchi,F
Shuchismita,F
Shuchita,F
Shuddhi,F
Shukla,F
Shukti,F
Shulini,F
Shulka,F
Shushma,F
Shutradevi,F
Shveni,F
Shveta,F
Shweta,F
Shyama,F
Shyamala,F
Shyamali,F
Shyamalika,F
Shyamalima,F
Shyamangi,F
Shyamari,F
Shyamasri,F
Shyamini,F
Shyamlata,F
Shyla,F
Sibani,F
Siddheshwari,F
Siddhama,F
Siddhangana,F
Siddhani,F
Siddhi,F
Siddhiksha,F
Siddhima,F
Sikata,F
Sikta,F
Simbala,F
Simran,F
Simrit,F
Smrita,F
Sindhu,F
Sindhuja,F
Sinhayana,F
Sinjini,F
Sinsapa,F
Sirisha,F
Sita,F
Sitara,F
Sitesh,F
Sivanandhini,F
Sivaneswary,F
Sivani,F
Sivasathi,F
Siya,F
Siyona,F
Skanda,F
Skandajit,F
Smera,F
Smita,F
smitakshi,F
Smithika,F
Smriti,F
Smruti,F
Sneh,F
Sneha,F
Snehal,F
Snehelata,F
Snehi,F
Snigda,F
Snikitha,F
Sniksha,F
Sohalia,F
Sohni,F
Solanlle,F
Soma,F
Somalakshmi,F
Somansh,F
Somatra,F
Somila,F
Somya,F
Sona,F
Soni,F
Sonakshi,F
Sonal,F
Sonali,F
Sonaltasha,F
Soneera,F
Sonia,F
Sonika,F
Soonera,F
Soorat,F
Sosamma,F
Sougandika,F
Soujanya,F
Soukhya,F
Sourabhi,F
Sowjanya,F
Sowmya,F
Spoorthy,F
Sravanti,F
Sreeja,F
Sreejata,F
Sreya,F
Srichaitra,F
Sridatri,F
Sridevi,F
Srihitha,F
Srikanya,F
Srinithi,F
Srinika,F
Sripada,F
Srisha,F
Sristi,F
Srutakirti,F
Stavita,F
Striratna,F
Stuti,F
Subarna,F
Subhadra,F
Subhaga,F
Subhagya,F
Subhashini,F
Subhasini,F
Subhi,F
Subhiksha,F
Subhuja,F
Subiksha,F
Subodhini,F
Subrata,F
Suchandra,F
Sucharita,F
Sucheta,F
Suchhaya,F
Suchi,F
Suchismita,F
Suchita,F
Suchitra,F
Sudakshima,F
Sudarshana,F
Sudarshini,F
Sudeepa,F
Sudeepta,F
Sudena,F
Sudeshna,F
Sudevi,F
Sudha,F
Sudhamayi,F
Sudhira,F
Sudiksha,F
Sudipta,F
Sudipti,F
Suditi,F
Sugandha,F
Suganya,F
Sugathri,F
Sugauri,F
Sugita,F
Suhag,F
Suhaila,F
Suhas,F
Suhani,F
Suhasini,F
Suhavi,F
Suhina,F
Suhrita,F
Sujala,F
Sujata,F
Sujaya,F
Sujitha,F
Sukanya,F
Sukeshi,F
Sukhada,F
Sukhmani,F
Sukriti,F
Sukruti,F
Suksha,F
Sukshma,F
Suksma,F
Sukumari,F
Sukushi,F
Sulabha,F
Sulaksha,F
Sulakshana,F
Sulakshmi,F
Sulalita,F
Sulbha,F
Sulekha,F
Suloch,F
Sulochana,F
Sultana,F
Suma,F
Sumaira,F
Suman,F
Sumana,F
Sumangli,F
Sumanolata,F
Sumati,F
Sumavali,F
Sumedha,F
Sumi,F
Sumita,F
Sumitha,F
Sumitra,F
Sumona,F
Sumukhi,F
Sunaina,F
Sunamya,F
Sunanda,F
Sunandini,F
Sunandita,F
Sunayana,F
Sunayna,F
Sundari,F
Sundha,F
Sundhuja,F
Suneeti,F
Sunetra,F
Sunila,F
Suniska,F
Sunita,F
Suniti,F
Suparna,F
Suprabha,F
Suprasanna,F
Supreetha,F
Suprema,F
Suprita,F
Supriti,F
Supriya,F
Supti,F
Surabhi,F
Suraksha,F
Surama,F
Surangi,F
Suranjana,F
Surasa,F
Surasti,F
Suravi,F
Suravinda,F
Surekha,F
Sureshi,F
Sureshwari,F
Surina,F
Surotama,F
Suruchi,F
Surupa,F
Surya,F
Suryadita,F
Suryakanti,F
Suryani,F
Sushama,F
Sushanti,F
Sushila,F
Sushma,F
Sushmita,F
Sushobhana,F
Susila,F
Susita,F
Susmita,F
Susumna,F
Sutanuka,F
Sutapa,F
Sutara,F
Suvali,F
Suvarna,F
Suvarnmala,F
Suvarnaprabha,F
Suvarnarekha,F
Suvitha,F
Suvrata,F
Suyasha,F
Svadhi,F
Svaha,F
Svana,F
Svara,F
Svitra,F
Swagata,F
Swaha,F
Swapanthi,F
Swapna,F
Swapnali,F
Swapnasundari,F
Swapnika,F
Swara,F
Swarnalata,F
Swarnaprabha,F
Swarnika,F
Swarupa,F
Swastika,F
Swati,F
Sweta,F
Taanusiya,F
Tabassum,F
Taj,F
Talika,F
Talli,F
Tamali,F
Tamalika,F
Tamanna,F
Tamasa,F
Tamasi,F
Tamasvini,F
Tamira,F
Tanaya,F
Tanam,F
Taneesha,F
Tani,F
Tania,F
Taniamitra,F
Tanika,F
Tanima,F
Tanirika,F
Tanisha,F
Tanisi,F
Tannistha,F
Tanmaya,F
Tanmayee,F
Tannishtha,F
Tanu,F
Tanuja,F
Tanuka,F
Tanulata,F
Tanupa,F
Tanushi,F
Tanushri,F
Tanvee,F
Tanvi,F
Tanya,F
Tanzil,F
Tapani,F
Tapasi,F
Tapati,F
Tapi,F
Tapni,F
Tapti,F
Tara,F
Tarai,F
Taraka,F
Tarakeshwari,F
Tarakini,F
Tarala,F
Tarana,F
Tarangini,F
Tarani,F
Taranija,F
Tarannum,F
Tarika,F
Tarini,F
Tarita,F
Tarjani,F
Tarkeshwari,F
Tarla,F
Tarli,F
Tarlika,F
Tarpana,F
Taru,F
Tarulata,F
Taruna,F
Taruni,F
Tarunika,F
Tarunima,F
Tasha,F
Tatini,F
Tavishi,F
Tejal,F
Tejasvi,F
Tejaswini,F
Teji,F
Tejomayi,F
Teertha,F
Thahiya,F
Thaneesha,F
Thankam,F
Thanmayu,F
Tharisha,F
Thumri,F
Teja,F
Tilaka,F
Tilika,F
Tilottama,F
Timila,F
Tina,F
Tista,F
Tisya,F
Tithi,F
Titiksha,F
Tiya,F
Toral,F
Toshani,F
Toya,F
Torsha,F
Trariti,F
Trayi,F
Treena,F
Treeshita,F
Treya,F
Triambika,F
Triaksha,F
Tribhuvaneshwari,F
Tridhara,F
Tridiva,F
Triguna,F
Triguni,F
Trijagati,F
Trikaya,F
Trilochana,F
Trinayani,F
Trinetra,F
Triparna,F
Tripta,F
Tripti,F
Tripura,F
Tripurasundari,F
Tripuri,F
Triputa,F
Trisha,F
Trishala,F
Trishna,F
Trishulini,F
Triti,F
Triveni,F
Triya,F
Triyama,F
Trupti,F
Trusha,F
Tuhi,F
Tuhina,F
Tula,F
Tulasi,F
Tulika,F
Tulsi,F
Tulya,F
Turanya,F
Turvi,F
Turya,F
Tusharkana,F
Tushita,F
Tusti,F
Tvarita,F
Tvisha,F
Ubika,F
Ucchal,F
Udantika,F
Udaya,F
Udbala,F
Udgita,F
Udichi,F
Udipti,F
Udita,F
Uditi,F
Udvita,F
Udyati,F
Ujas,F
Ujhala,F
Ujjayini,F
Ujjwala/Ujvala,F
Ulka,F
Ullupi,F
Ulupi,F
Ulupya,F
Uma,F
Umika,F
Unma,F
Unnati,F
Unni,F
Upada,F
Upadhriti,F
Upala,F
Upama,F
Upasana,F
Ura,F
Urishilla,F
Urishita,F
Urja,F
Urjita,F
Urmi,F
Urmika,F
Urmila,F
Urshita,F
Urvashi,F
Urvi,F
Usha,F
Ushakiran,F
Ushalakshi,F
Ushashi,F
Ushi,F
Ushma,F
Usra,F
Usri,F
Utalika,F
Utkarsha,F
Utpala,F
Utpalakshi,F
Utpalini,F
Utpatti,F
Utsa,F
Utsavi,F
Uttara,F
Veda,F
Vedanti,F
Vedashri,F
Vedha,F
Vedi,F
Vedika,F
Vedvalli,F
Veeksha,F
Veena,F
Veenapani,F
Vela,F
Venah,F
Venika,F
Venuka,F
Venya,F
Vetali,F
Vetravati,F
Vibali,F
Vibha,F
Vibhavari,F
Vibhi,F
Vibhuti,F
Vibusha,F
Vidhi,F
Vidhut,F
Vidisha,F
Vidita,F
Vidula,F
Vidushi,F
Vidya,F
Vidyadevi,F
Vidyadhari,F
Vidyut,F
Vidyutprabha,F
Vignyatri,F
Vijaya,F
Vijayalakshmi,F
Vijayanthi,F
Vijeta,F
Vijul,F
Vikasni,F
Vikruti,F
Vilasini,F
Vilina,F
Vimala,F
Vimla,F
Vimudha,F
Vina,F
Vinamra,F
Vinanti,F
Vinata,F
Vinati,F
Vinaya,F
Vindhya,F
Vineeta,F
Vinita,F
Vinodini,F
Vinutha,F
Vipanchi,F
Vipasa,F
Vipasha,F
Vipra,F
Vipula,F
Virendri,F
Virika,F
Virini,F
Visala,F
Vishaka,F
Vishakha,F
Vishalakshi,F
Vishali,F
Vishalya,F
Vishaya,F
Vishma,F
Vishnumaya,F
Vishnupriya,F
Vishranti,F
Vishva,F
Vishwa,F
Vishwambhara,F
Vismaya,F
Vistarini,F
Vithika,F
Viti,F
Viveka,F
Vividha,F
Vrajabala,F
Vrinda,F
Vrisha,F
Vrishti,F
Vritee,F
Vritika,F
Vritti,F
Vrushali,F
Vyanjana,F
Vyjayanthi,F
Vyomini,F
Wakeeta,F
Yaagnya,F
Yachana,F
Yadavi,F
Yahvi,F
Yaksha,F
Yamika,F
Yamini,F
Yamuna,F
Yamuni,F
Yamura,F
Yamya,F
Yashasvi,F
Yashasvini,F
Yashawini,F
Yashi,F
Yashica,F
Yashila,F
Yashita,F
Yashmita,F
Yashoda,F
Yashodhara,F
Yashomati,F
Yasmin,F
Yasti,F
Yatra,F
Yatudhani,F
Yauvani,F
YaVonne,F
Yayaati,F
Yema,F
Yochana,F
Yogeshwari,F
Yogini,F
Yogita,F
Yogya,F
Yojana,F
Yonita,F
Yoshita,F
Yousha,F
Yuktha,F
Yukti,F
Yuti,F
Yutika,F
Yuvati,F
Yuvika,F
Yuvraani,F
Zena,F
Ziana,F
Zaaei,F
Zaara,F
Zachni,F
Zahara,F
Zaheera,F
Zahira,F
Zahra,F
Zaida,F
Zaina,F
Zalak,F
Zalika,F
Zamuni,F
Zanie,F
Zankar,F
Zankrut,F
Zara,F
Zaral,F
Zareen,F
Zarina,F
Zarna,F
Zeena,F
Zeenat,F
Zena,F
Zenia,F
Zenoushka,F
Zheel,F
Zia,F
Ziana,F
Zinga,F
Zisya,F
Zita,F
Ziya,F
Zohra,F
Zora,F
Zoya,F
Zuha,F
Zuri,F
Aabheer,M
Aadarsh,M
Aadesh,M
Aadhira,M
Aadi,M
Aadidev,M
Aadinath,M
Aadit,M
Aaditeya,M
Aaditya,M
Aadya,M
Aagam,M
Aagney,M
Aagneya,M
Aahlaad,M
Aahva,M
Aakaash,M
Aakar,M
Aakarshan,M
Aalap,M
Aalok,M
Aamod,M
Aanand,M
Aanandswarup,M
Aandaleeb,M
Aanjaneya,M
Aapt,M
Aaradhak,M
Aarnav,M
Aarth,M
Aarush,M
Aashish,M
Aashman,M
Ashlesh,M
Aashutosh,M
Aastik,M
Aatish,M
Aatmaj,M
Aatreya,M
Aayu,M
Aayushmaan,M
Abeer,M
Abhay,M
Abheek,M
Abheesht,M
Abhi,M
Abhijaat,M
Abhijay,M
Abhijit,M
Abhik,M
Abhilash,M
Abhimanyu,M
Abhinandan,M
Abhinav,M
Abhinivesh,M
Abhiram,M
Abhiraj,M
Abhirath,M
Abhirup,M
Abhisar,M
Abhishek,M
Abhivaadan,M
Abhivanth,M
Abhra,M
Abhyudaya,M
Achal,M
Achalendra,M
Achalraj,M
Acharya,M
Achintya,M
Achyut,M
Achyuthan,M
Adarsh,M
Adeela,M
Adeep,M
Adheer,M
Adheesh,M
Adhik,M
Adhip,M
Aadhira,M
Adhiraj,M
Adil,M
Adinath,M
Adipurush,M
Adit,M
Aditya,M
Advait,M
Advay,M
Advaya,M
Advik,M
Adwaita,M
Agastya,M
Agendra,M
Agharna,M
Aghat,M
Aghosh,M
Agnimitra,M
Agniprava,M
Agnivesh,M
Agraj,M
Agrata,M
Agrim,M
Agyeya,M
Ahan,M
Ainesh,M
Airaawat,M
Aja,M
Ajaat,M
Ajaatshatru,M
Ajanta,M
Ajay,M
Ajit,M
Ajitaabh,M
Ajitesh,M
Ajisth,M
Ajoy,M
Akash,M
Akand,M
Akarsh,M
Akhil,M
Akhilesh,M
Akshaj,M
Akshan,M
Akshansh,M
Akshar,M
Akshat,M
Akshay,M
Akshayaguna,M
Akshaykeerti,M
Akshit,M
Akshobhya,M
Akul,M
Alak,M
Alankar,M
Alok,M
Aloki,M
Alop,M
Alpesh,M
Amaan,M
Amal,M
Amalendu,M
Amalesh,M
Aman,M
Amani,M
Amar,M
Amardeep,M
Amaresh,M
Amaris,M
Amarjeet,M
Amarnath,M
Amartya,M
Ambar,M
Ambareesh,M
Ambikapathi,M
Ambud,M
Ambuj,M
Ameet,M
Ameya,M
Ameyatma,M
Ami,M
Amil,M
Amish,M
Amit,M
Amitabh,M
Amitava,M
Amitbikram,M
Amitesh,M
Amlan,M
Amar,M
Amod,M
Amogh,M
Amol,M
Amolik,M
Amoorta,M
Amresh,M
Amrik,M
Amrish,M
Amrit,M
Amritambu,M
Amritaya,M
Amshu,M
Amshul,M
Amul,M
Anaadi,M
Anaan,M
Anadi,M
Anagh,M
Anand,M
Anandi,M
Anang,M
Anant,M
Anantajeet,M
Anantram,M
Ananyo,M
Anay,M
Anek,M
Angad,M
Angada,M
Angaj,M
Angak,M
Aniij,M
Anik,M
Anikait,M
Aniket,M
Anil,M
Anilaabh,M
Animesh,M
Aniruddha,M
Anirudh,M
Anirvan,M
Anish,M
Anit,M
Anjal,M
Anjan,M
Anjas,M
Anji,M
Anjor,M
Anjuman,M
Ankal,M
Ankit,M
Ankur,M
Ankush,M
Anmol,M
Annuabhuj,M
Anoop,M
Anram,M
Ansh,M
Anshu,M
Anshuk,M
Anshul,M
Anshumaan,M
Anshumat,M
Antara,M
Antariksh,M
Antim,M
Anubhav,M
Anuj,M
Anunay,M
Anupam,M
Anuraag,M
Anurup,M
Anuroop,M
Anuttam,M
Anuva,M
Appu,M
Apoorva,M
Aprameya,M
Aradhya,M
Aranab,M
Arav,M
Arha,M
Archan,M
Archit,M
Ardhendu,M
Areehah,M
Arhat,M
Arihaan,M
Arihant,M
Arij,M
Arindam,M
Arja,M
Arjit,M
Arjun,M
Arka,M
Arman,M
Arnav,M
Arnesh,M
Arpan,M
Arshad,M
Artagnan,M
Arul,M
Arun,M
Arunachaleshwara,M
Arvind,M
Arya,M
Aryaman,M
Aryan,M
Asav,M
Aseelah,M
Aseem,M
Ashank,M
Anmol,M
Ashcharya,M
Asheem,M
Ashesh,M
Ashirvad,M
Ashish,M
Ashit,M
Ashok,M
Ashray,M
Ashrith,M
Ashutosh,M
Ashvath,M
Ashwaghosh,M
Ashwathama,M
Ashwin,M
Asit,M
Asitvaran,M
Asiya,M
Asuman,M
Atal,M
Atambhu,M
Atanu,M
Ateet,M
Atharvan,M
Atiksh,M
Atithi,M
Atma,M
Atmajyoti,M
Atman,M
Atmananda,M
Atraiu,M
Atul,M
Atulya,M
Avadhesh,M
Avalok,M
Avaneesh,M
Avanindra,M
Avashesh,M
Avasyu,M
Avatar,M
Avi,M
Avichal,M
Avijit,M
Avikam,M
Avilash,M
Avinash,M
Avinashi,M
Avirat,M
Avkash,M
Avtar,M
Avyukt,M
Ayog,M
Ayudh,M
Ayush,M
Baadal,M
Baalaark,M
Baalkrishan,M
Baanbhatt,M
Baanke Bihaari,M
Baasima,M
Babala,M
Babul,M
Badri,M
Badrinath,M
Badriprasad,M
Bahubali,M
Bahula,M
Bahuleya,M
Baibhav,M
Bajrang,M
Bakool,M
Bakul,M
Bakula,M
Balaaditya,M
Balachandra,M
Balagopal,M
Balagovind,M
Balaji,M
Balakrishna,M
Balamani,M
Balamohan,M
Balaraj,M
Balaram,M
Balashankar,M
Balavan,M
Balbhadra,M
Balbir,M
Baldev,M
Balendu,M
Balmukund,M
Bali,M
Balraj,M
Balram,M
Balvant,M
Balveer,M
Balvindra,M
Banaj,M
Bandhu,M
Bandhul,M
Bandhula,M
Baneet,M
Banke,M
Bankebihari,M
Bankim,M
Bankimchandra,M
Banshi,M
Banshidhar,M
Bansi,M
Bansilal,M
Banwari,M
Barid,M
Barindra,M
Barsaat,M
Barun,M
Basant,M
Basdev,M
Batuk,M
Bavyesh,M
Bhadra,M
Bhadrak,M
Bhadrakapil,M
Bhadraksh,M
Bhadrashree,M
Bhadresh,M
Bhagat,M
Bhagavaan,M
Bhagesh,M
Bhagirath,M
Bhagwant,M
Bhagyaraj,M
Bhairav,M
Bhajan,M
Bhakti,M
Bhalendra,M
Bhanu,M
Bhanudas,M
Bhanumitra,M
Bhanuprakash,M
Bhanuprasad,M
Bharadwaj,M
Bharat,M
Bhargav,M
Bhargava,M
Bhartesh,M
Bhartihari,M
Bhaskar,M
Bhasvan,M
Bhaswar,M
Bhaumik,M
Bhav-bhooti,M
Bhavan,M
Bhavesh,M
Bhavin,M
Bhavya,M
Bhawanidas,M
Bheemsen,M
Bheru,M
Bheesham,M
Bhim,M
Bhishma,M
Bhoj,M
Bholanath,M
Bhoopat,M
Bhoopendra,M
Bhooshan,M
Bhooshit,M
Bhoumik,M
Bhramar,M
Bhrigu,M
Bhudev,M
Bhuman,M
Bhupad,M
Bhupal,M
Bhupati,M
Bhupen,M
Bhupendra,M
Bhupesh,M
Bhushan,M
Bhuvan,M
Bhuvanesh,M
Bhuvaneshwar,M
Bibek,M
Bijal,M
Bilva,M
Bimal,M
Bimb,M
Bimbisaar,M
Bindusar,M
Binod,M
Bipin,M
Bir,M
Birbal,M
Biren,M
Birendra,M
Birju,M
Bisaj,M
Bodhan,M
Boudhayan,M
Brahma,M
Brahmaanand,M
Brahmabrata,M
Brahmadutt,M
Braj,M
Brajamohan,M
Brajendra,M
Brajesh,M
Brajraaj,M
Bramhaghosh,M
Bramhanand,M
Bratindra,M
Brent,M
Brij,M
Brijesh,M
Brijmohan,M
Brijkishor,M
Brijnandan,M
Brijraj,M
Brirar,M
Brynaam,M
Buddha,M
Buddhadeva,M
Buddhapriya,M
Budhil,M
Bibek,M
Bijal,M
Bilva,M
Bimal,M
Bimb,M
Bimbisaar,M
Bindusar,M
Binod,M
Bipin,M
Bir,M
Birbal,M
Biren,M
Birendra,M
Birju,M
Bisaj,M
Bodhan,M
Boudhayan,M
Brahma,M
Brahmaanand,M
Brahmabrata,M
Brahmadutt,M
Braj,M
Brajamohan,M
Brajendra,M
Brajesh,M
Brajraaj,M
Bramhaghosh,M
Bramhanand,M
Bratindra,M
Brent,M
Brij,M
Brijesh,M
Brijmohan,M
Brijkishor,M
Brijnandan,M
Brijraj,M
Brirar,M
Brynaam,M
Buddha,M
Buddhadeva,M
Buddhapriya,M
Budhil,M
Chaanakya,M
Chaaruchandra,M
Chaarudatt,M
Chaaruhaas,M
Chahel,M
Chaitan,M
Chain,M
Chaitanya,M
Chakor,M
Chakradev,M
Chakradhar,M
Chakrapaani,M
Chakravartee,M
Chakresh,M
Chakshan,M
Chaman,M
Chamanlal,M
Champak,M
Chanchal,M
Chanchareek,M
Chandak,M
Chandan,M
Chandavarman,M
Chandeedaas,M
Chander,M
Chandra,M
Chandrakiran,M
Chandrabhan,M
Chandraabhaa,M
Chandraaditya,M
Chandraanan,M
Chandraayan,M
Chandrabhaga,M
Chandrachur,M
Chandragupt,M
Chandrahaas,M
Chandrak,M
Chandraketu,M
Chandrakin,M
Chandrakishore,M
Chandrakumar,M
Chandramaadhav,M
Chandramauli,M
Chandramohan,M
Chandran,M
Chandranath,M
Chandrpeed,M
Chandraprakaash,M
Chandraraj,M
Chandrasen,M
Chandrashekhar,M
Chandravadan,M
Chandresh,M
Chane,M
Chapal,M
Charak,M
Charan,M
Charanjit,M
Charudutta,M
Charusheel,M
Charuvrat,M
Chatresh,M
Chatur,M
Chatura,M
Chaturaanan,M
Chaturbhuj,M
Chetak,M
Chetan,M
Chetanaanand,M
Chhaayank,M
Chhandak,M
Chidaakaash,M
Chidaatma,M
Chidambar,M
Chidananda,M
Chidhatma,M
Chiman,M
Chinar,M
Chinmay,M
Chinmayananda,M
Chinmayu,M
Chintak,M
Chintan,M
Chintav,M
Chintu,M
Chirag,M
Chiranjeev,M
Chirantan,M
Chitesh,M
Chitragupt,M
Chitrabhanu,M
Chitraketu,M
Chitraksh,M
Chitral,M
Chitrarath,M
Chitrasen,M
Chitrabaahu,M
Chittaprasad,M
Chittaranjan,M
Chittaswarup,M
Chittesh,M
Cholan,M
Chudamani,M
Chulbul,M
Chunmay,M
Chyavan,M
Daamodar,M
Daaruk,M
Daarun,M
Dahana,M
Daitya,M
Daiwik,M
Daksh,M
Dakshesh,M
Dakshi,M
Dakshinayan,M
Dalpati,M
Daman,M
Damodar,M
Dandak,M
Dandapaani,M
Danta,M
Danvir,M
Darpad,M
Darpak,M
Darpan,M
Darsh,M
Darshak,M
Darshan,M
Darshit,M
Daruka,M
Dasharath,M
Dasharathi,M
Datta,M
Dattatreya,M
Dattey,M
Daya,M
Dayaal,M
Dayakar,M
Dayamay,M
Dayanand,M
Dayanidhi,M
Dayaram,M
Dayasagar,M
Dayashankar,M
Dayaswarup,M
Debashish,M
Debjit,M
Deenabandhu,M
Deenadayaal,M
Deenanath,M
Deenbabdhu,M
Deep,M
Deepak,M
Deepan,M
Deepankar,M
Deependra,M
Deependu,M
Deepesh,M
Deepit,M
Deeptanshu,M
Deeptendu,M
Deeptiman,M
Deeptimoy,M
Dehabhuj,M
Deo,M
Dev,M
Devaapi,M
Devabrata,M
Devadas,M
Devadatt,M
Devadeva,M
Devagya,M
Devaj,M
Devajyoti,M
Devajuta,M
Devak,M
Devakeenandan,M
Devakumar,M
Deval,M
Devanand,M
Devang,M
Devank,M
Devansh,M
Devarshi,M
Devashish,M
Devbrata,M
Devdarsh,M
Devdas,M
Devdatta,M
Deveedaas,M
Devendra,M
Devendranath,M
Devesh,M
Deveshwar,M
Devguru,M
Devidas,M
Devi,M
Devilaal,M
Deviprasad,M
Devkinandan,M
Devkumar,M
Devnarayan,M
Devnath,M
Devpad,M
Devraaj,M
Devrat,M
Devsena,M
Devvrata,M
Dewansh,M
Dhairya,M
Dhananad,M
Dhananjay,M
Dhanapati,M
Dhanesh,M
Dhanraj,M
Dhansukh,M
Dhanush,M
Dhanvant,M
Dhanvantari,M
Dhanvin,M
Dhanvine,M
Dhanya,M
Dharamnishth,M
Dharanidhar,M
Dharitree,M
Dharma,M
Dharmadaas,M
Dharmadev,M
Dharmakeerti,M
Dharmaketu,M
Dharmanand,M
Dharmaraaj,M
Dharmaveer,M
Dharmendra,M
Dharmendu,M
Dharmesh,M
Dharmik,M
Dharm-mitra,M
Dharmpaal,M
Dharuna,M
Dhatri,M
Dhaval,M
Dheeman,M
Dheemant,M
Dheer,M
Dheeraj,M
Dheerandra,M
Dhilan,M
Dhimant,M
Dhiraj,M
Dhiren,M
Dhirendra,M
Dhritiman,M
Dhrupad,M
Dhruv,M
Dhuha,M
Dhyanesh,M
Dhyaneshwar,M
Digant,M
Digambar,M
Digvastra,M
Digvijay,M
Dikshan,M
Dilawar,M
Dilber,M
Dileep,M
Dilip,M
Dinakar,M
Dinanath,M
Dinar,M
Dindayal,M
Dinendra,M
Dinesh,M
Dinpal,M
Dipal,M
Dipankar,M
Dipen,M
Dipendu,M
Dipesh,M
Diptanshu,M
Divaakar,M
Divit,M
Divyanshu,M
Divyendu,M
Divyesh,M
Dron,M
Drupad,M
Dulal,M
Duranjaya,M
Durga,M
Durgadas,M
Durgadutt,M
Durgesh,M
Durijesh,M
Durja,M
Durjaya,M
Durmada,M
Durvish,M
Dushyant,M
Dvimidha,M
Dwaraka,M
Dwarakadas,M
Dwarakanath,M
Dwaipayan,M
Dwijaraj,M
Dwijendra,M
Dwijesh,M
Dyumna,M
Dyumani,M
Eashan,M
Edi,M
Ednit,M
Eeshwar,M
Eha,M
Ehimay,M
Eka,M
Ekaaksh,M
Ekaakshara,M
Ekaant,M
Ekaatmaa,M
Ekachakra,M
Ekadant,M
Ekagrah,M
Ekaksha,M
Ekalavya,M
Ekaling,M
Ekambar,M
Ekana,M
Ekanath,M
Ekanga,M
Ekani,M
Ekansh,M
Ekapad,M
Ekaraj,M
Ekavir,M
Ekavira,M
Ekayavan,M
Ekbal,M
Eklavya,M
Eknath,M
Ekodar,M
Ekram,M
Esh,M
Eshaan,M
Eshwar,M
Eshwardutt,M
Etash,M
Ettan,M
Evyavan,M
Phalgun,M
Phalak,M
Phani,M
Phanibhusan,M
Phaninath,M
Phanindra,M
Phanindranath,M
Phanishwar,M
Phoolendu,M
Gadhadhar,M
Gadin,M
Gagan,M
Gagandeep,M
Gaganvihari,M
Gagnesh,M
Gajaadhar,M
Gajbaahu,M
Gajdant,M
Gajanan,M
Gajanand,M
Gajendra,M
Gajendranath,M
Gajkaran,M
Gajpati,M
Gajrup,M
Gajvadan,M
Gambheer,M
Ganak,M
Ganapati,M
Ganaraj,M
Gandhaa,M
Gandharv,M
Gandhik,M
Gandiva,M
Ganesh,M
Gangadatt,M
Gangadhar,M
Gangadutt,M
Gangesh,M
Gangesha,M
Gangeya,M
Gangol,M
Gannaath,M
Gannon,M
Garg,M
Garjan,M
Garud,M
Gatik,M
Gaurang,M
Gaurav,M
Gauresh,M
Gaurikant,M
Gaurinandan,M
Gaurinath,M
Gaurish,M
Gaurishankar,M
Gaurisuta,M
Gautam,M
Gaveshan,M
Gayan,M
Geet,M
Ghalib,M
Ghanaanand,M
Ghanendra,M
Ghanshyam,M
Girdhari,M
Giri,M
Giridhar,M
Girijanandan,M
Girik,M
Girilal,M
Girindra,M
Giriraj,M
Girish,M
Girivar,M
Girvaan,M
Gitashri,M
Gobhil,M
Gogula,M
Gokul,M
Gopal,M
Gopan,M
Gopesh,M
Gopi,M
Gopichand,M
Gorakh,M
Gorakh-naath,M
Goral,M
Goswamee,M
Govardhan,M
Govind,M
Govinda,M
Grishm,M
Gudakesha,M
Gul,M
Gulab,M
Gulal,M
Gulshan,M
Gulzar,M
Gulzarilal,M
Guna,M
Gunaakar,M
Gunagya,M
Gunaja,M
Gunamay,M
Gunaratna,M
Gunin,M
Gunina,M
Gunjan,M
Gunvant,M
Gurbachan,M
Gurcharan,M
Gurdayal,M
Gurdeep,M
Gurjas,M
Gurman,M
Gurmeet,M
Gurmukh,M
Gurpreet,M
Gursharan,M
Guru,M
Gurubachan,M
Gurucharan,M
Gurudas,M
Gurudatt,M
Gurudutt,M
Gurusharan,M
Guruttam,M
Gyan,M
Gyandev,M
Gyaneshwar,M
Haadiya,M
Hakesh,M
Hana,M
Hanan,M
Hans,M
Hanshal,M
Hansin,M
Hansraaj,M
Hanuman,M
Hanumant,M
Har,M
Hara,M
Hardik,M
Hareendra,M
Harekrishna,M
Haresh,M
Hari,M
Hari,M
Hariaksa,M
Haricharan,M
Haridas,M
Harigopal,M
Harihar,M
Harij,M
Harikrishna,M
Harilal,M
Harinarayan,M
Harindra,M
Harindranath,M
Hariprasad,M
Haripreet,M
Hariram,M
Harish,M
Harishankar,M
Harishchandra,M
Harit,M
Haritbaran,M
Harivansh,M
Harivilaas,M
Harjeet,M
Harkrishna,M
Harmendra,M
Haroon,M
Harsh,M
Harsha,M
Harshad,M
Harshal,M
Harshavardhan,M
Harshini,M
Harshit,M
Harshul,M
Harteij,M
Hasan,M
Hasit,M
Hasmukh,M
Hastin,M
Havish,M
Hem,M
Hemaadri,M
Hemachandra,M
Hemadri,M
Hemakesh,M
Hemal,M
Hemamdar,M
Hemang,M
Hemanga,M
Hemant,M
Hemaprakash,M
Hemaprasad,M
Hemaraj,M
Hemavatinandan,M
Hemchander,M
Hemdev,M
Hemen,M
Hemendra,M
Hemendu,M
Hemish,M
Hemraaj,M
Hemayu,M
Heramba,M
Hetal,M
Himaadri,M
Himanshu,M
Himachal,M
Himanish,M
Himank,M
Himmat,M
Himnish,M
Hind,M
Hindola,M
Hiral,M
Hiranmaya,M
Hiranya,M
Hiranyak,M
Hiren,M
Hirendra,M
Hiresh,M
Hitakrit,M
Hiten,M
Hitendra,M
Hitesh,M
Hriday,M
Hridayanath,M
Hridayesh,M
Hridyanshu,M
Hrishi,M
Hrishikesh,M
Hrithik,M
Huda,M
Huthesh,M
Ibhanan,M
Ichaa,M
Idaspati,M
Idhant,M
Ijay,M
Ikshan,M
Ikshit,M
Ikshu,M
Ilashpasti,M
Ilesh,M
Ilisa,M
Ina,M
Inas,M
Indeever,M
Indivar,M
Indra,M
Indraarjun,M
Indradatt,M
Indradyumn,M
Indrajit,M
Indraneel,M
Indrasen,M
Indrasena,M
Indravadan,M
Indubhushan,M
Induj,M
Indukant,M
Indulal,M
Induleksh,M
Indumal,M
Indumauli,M
Indushekhar,M
Inesh,M
Inganam,M
Inoday,M
Ipsit,M
Iraj,M
Iravan,M
Iravat,M
Iresh,M
Ish,M
Ishaan,M
Ishan,M
Ishana,M
Ishat,M
Ishit,M
Ishayu,M
Ishir,M
Ishwar,M
Jagadbandu,M
Jagadeep,M
Jagadhish,M
Jagadev,M
Jagajeet,M
Jagajeevan,M
Jagan,M
Jaganmay,M
Jagannath,M
Jagat,M
Jagatguru,M
Jagatkishor,M
Jagatprakash,M
Jagatprabhu,M
Jagatpal,M
Jagatveer,M
Jagatbehari,M
Jagdeep,M
Jagdeo,M
Jagdish,M
Jagesh,M
Jagger,M
Jagish,M
Jag Jeevan,M
Jagmohan,M
Jagrav,M
Jahan,M
Jahi,M
Jahnu,M
Jai,M
Jaichand,M
Jaidayal,M
Jaideep,M
Jaidev,M
Jaigopal,M
Jaikrishna,M
Jaiman,M
Jainarayan,M
Jainil,M
Jaipal,M
Jairaj,M
Jairam,M
Jaisal,M
Jaisukh,M
Jaithra,M
Jaival,M
Jaivant,M
Jaivardhan,M
Jaiveer,M
Jakarious,M
Jalbhushan,M
Jaldev,M
Jaldhar,M
Jalendu,M
Jalesh,M
Jalsa,M
Janak,M
Janakibhushan,M
Janakidas,M
Janakinath,M
Janakiraman,M
Janamejay,M
Janardan,M
Janesh,M
Jankesh,M
Janmesh,M
Janu,M
Japa,M
Japendra,M
Japesh,M
Jasbeer,M
Jashith,M
Jasjit,M
Jaskaran,M
Jaspal,M
Jasraj,M
Jasveer,M
Jaswant,M
Jataayu,M
Jatan,M
Jatasya,M
Jatin,M
Javesh,M
Jawahar,M
Jay,M
Jayachand,M
Jayadeep,M
Jayaditya,M
Jayakrishan,M
Jayani,M
Jayant,M
Jayapal,M
Jayaprakash,M
Jayashekhar,M
Jayawant,M
Jayendra,M
Jayesh,M
Jayin,M
Jaysukh,M
Jeeval,M
Jeevan / Jeeva,M
Jeevanprakash,M
Jeevaraaj,M
Jeevesh,M
Jhulier,M
Jhumar,M
Jigar,M
Jiger,M
Jignesh,M
Jilesh,M
Jimuta,M
Jina,M
Jinabhadra,M
Jinadev,M
Jinendra,M
Jishnu,M
Jitamitra,M
Jitendra,M
Jithvar,M
Jivaj,M
Jival,M
Jivana,M
Jivin,M
Jivitesh,M
Jivraj,M
Jnyandeep,M
Jnyaneshwar,M
Jogesh,M
Joginder,M
Jogindra,M
Jograj,M
Jugal,M
Jugnu,M
Jwala,M
Jwalant,M
Jwalia,M
Jyestha,M
Jyotheesh,M
Jyothish,M
Jyotichandra,M
Jyotindra,M
Jyotiprakash,M
Jyotiranjan,M
Jyotirdhar,M
Jyotirmaya,M
Jwalaprasad,M
Kaaliya,M
Kaanan,M
Kaarikaa,M
Kaartikeya,M
Kaashinaath,M
Kabir,M
Kadamb,M
Kaditula,M
Kailash,M
Kailashchandra,M
Kailashnath,M
Kairav,M
Kaivalya,M
Kaladhar,M
Kalanath,M
Kalanidhi,M
Kalap,M
Kalash,M
Kaleecharan,M
Kal-hans,M
Kalicharan,M
Kalidas,M
Kalimohan,M
Kaling,M
Kaliranjan,M
Kalkin,M
Kallol,M
Kalpak,M
Kalpanath,M
Kalpesh,M
Kalyan,M
Kamadev,M
Kamal,M
Kamalaapati,M
Kamalaj,M
Kamalakar,M
Kamalaksh,M
Kamalanayan,M
Kamalbandhu,M
Kamalesh,M
Kamalkant,M
Kamalnayan,M
Kamalnath,M
Kamboj,M
Kamesh,M
Kamod,M
Kamran,M
Kamsantak,M
Kanaiya,M
Kanak,M
Kanan,M
Kandarp,M
Kanha,M
Kanhaiya,M
Kanish,M
Kanishk,M
Kanj,M
Kantilal,M
Kantimoy,M
Kanu,M
Kanv,M
Kanvar,M
Kanwal,M
Kanwaljeet,M
Kanwalkishore,M
Kapaali,M
Kapi,M
Kapidhwaj,M
Kapil,M
Kapil Dev,M
Kapilashwar,M
Kapindra,M
Kapirath,M
Kapish,M
Karan,M
Karmendra,M
Karmjit,M
Karna,M
Karnabhushan,M
Karnajeet,M
Karnam,M
Karnapriya,M
Karpoor,M
Kartar,M
Kartik,M
Kartikeya,M
Karuna,M
Karunaanidhi,M
Karunakar,M
Karunamaya,M
Karunanidhi,M
Karunashankar,M
Karunesh,M
Kashi,M
Kashif,M
Kashinath,M
Kashiprasad,M
Kashyap,M
Kasish,M
Katyayan,M
Kausar,M
Kaushal,M
Kaushalesh,M
Kaushik,M
Kaustav,M
Kaustubh,M
Kautik,M
Kautilya,M
Kaveesha,M
Kavel,M
Kavi,M
Kavin,M
Kavindra,M
Kaviraj,M
Kavish,M
Kayaan,M
Kedaar,M
Kedarnath,M
Keertan,M
Keerthinath,M
Kesar,M
Keshav,M
Keshto,M
Ketak,M
Ketan,M
Ketu,M
Ketubh,M
Keva,M
Keval,M
Kevalkishore,M
Kevalkumar,M
Khagendra,M
Khagesh,M
Khairiya,M
Khajit,M
Kharanshu,M
Khemchand,M
Khemprakash,M
Khushal,M
Khushwant,M
Kindam,M
Kinshuk,M
Kintan,M
Kiraat,M
Kiran,M
Kirat,M
Kiratidev,M
Kireet,M
Kirin,M
Kiritmani,M
Kirtan,M
Kirti,M
Kirtibhushan,M
Kirtikumar,M
Kirtin,M
Kirtivallabh,M
Kishan,M
Kishor,M
Kishore,M
Kishorekumar,M
Koshin,M
Koundinya,M
Kovidh,M
Kraanti,M
Kripa,M
Kripal,M
Kripanidhi,M
Kripasagar,M
Krish,M
Krishang,M
Krishna,M
Krishanu,M
Krishnachandra,M
Krishnadeva,M
Krishnakumar,M
Krishnamurari,M
Krishnamurthy,M
Krishnendu,M
Kritanu,M
Kritin,M
Krithik,M
Krivi,M
Krunal,M
Krupal,M
Kshantu,M
Kshaunish,M
Kshemendra,M
Kshirin,M
Kshiraj,M
Kshitidhar,M
Kshitij,M
Kshrugal,M
Kuber,M
Kuberchand,M
Kularanjan,M
Kulbhooshan,M
Kuldeep,M
Kuldev,M
Kulvir,M
Kumar,M
Kumaresh,M
Kumud,M
Kumudesh,M
Kumush,M
Kunal,M
Kunda,M
Kundan,M
Kundanlal,M
Kunjabihari,M
Kunsh,M
Kunshi,M
Kunwar,M
Kusagra,M
Kush,M
Kushabahu,M
Kushad,M
Kushal,M
Kushanu,M
Kusumakar,M
Kusumesh,M
Kuvam,M
Kuvar,M
Kvanh,M
Laabh,M
Laalamani,M
Laavanya,M
Lahar,M
Lakhan,M
Lakshan,M
Laksh,M
Lakshman,M
Lakshmikant,M
Lakshanya,M
Lakshmidhar,M
Lakshmigopal,M
Lakshmikant,M
Lakshminath,M
Lakshminarayan,M
Lakshmipati,M
Lakshmiraman,M
Lakshya,M
Lalam,M
Lalan,M
Lalchand,M
Lalit,M
Lalit,M
Lalitaditya,M
Lalitchandra,M
Lalitesh,M
Lalitkishore,M
Lalitkumar,M
Lalitlochan,M
Lalitmohan,M
Lambodar,M
Laniban,M
Lankesh,M
Larraj,M
Lav,M
Lavitra,M
Layak,M
Lekh,M
Liladhar,M
Lochan,M
Lohendra,M
Lohit,M
Lohitaksha,M
Lohitashwa,M
Lokakriti,M
Lokanetra,M
Lokapujya,M
Lokesh,M
Lokbhushan,M
Loknaath,M
Lokpradeep,M
Lokprakash,M
Lokranjan,M
Lomash,M
Lukesh,M
Luv,M
Maadhav,M
Maagh,M
Maalav,M
Maalolan,M
Maandhata,M
Madan,M
Madangopal,M
Madanmohan,M
Maderu,M
Madesh,M
Madhav,M
Madhav,M
Madhavan,M
Madhavdas,M
Madhu,M
Madhuban,M
Madhuchanda,M
Madhuk,M
Madhukant,M
Madhukar,M
Madhup,M
Madhur,M
Madhusudan,M
Madhusoodan,M
Madin,M
Magan,M
Maha,M
Mahadev,M
Mahaveer,M
Mahabahu,M
Mahabala,M
Mahadev,M
Mahakaya,M
Mahaketu,M
Mahakram,M
Mahamani,M
Mahamati,M
Mahant,M
Mahanidhi,M
Mahapurush,M
Maharanth,M
Maharshi,M
Mahasvin,M
Mahatru,M
Mahavir,M
Maheepati,M
Mahendra,M
Maheepati,M
Mahendra,M
Mahesh,M
Maheshwar,M
Mahi,M
Mahin,M
Mahipal,M
Mahipati,M
Mahish,M
Mahit,M
Mairava,M
Maitreya,M
Makarand,M
Makhesh,M
Makrand,M
Makul,M
Malak,M
Malank,M
Malay,M
Malaya,M
Malhar,M
Mallesh,M
Mamraj,M
Manaal,M
Manaar,M
Manan,M
Manas,M
Manav,M
Manavendra,M
Mandaar,M
Mandakranta,M
Mandar,M
Mandeep,M
Mandhatri,M
Maneendra,M
Maneesh,M
Maneet,M
Manendra,M
Mangal,M
Mangesh,M
Manhar,M
Mani,M
Manibhushan,M
Manidhar,M
Manik,M
Manikaant,M
Manikandan,M
Manindra,M
Maniram,M
Manish,M
Manishankar,M
Manit,M
Manjeet,M
Manjughosh,M
Manjul,M
Manjyot,M
Manmohan,M
Mannan,M
Manohar,M
Manoj,M
Manojavaya,M
Manomay,M
Manoranjan,M
Manorath,M
Manotej,M
Manprasad,M
Mansukh,M
Manthan,M
Mantram,M
Manu,M
Manuraj,M
Manvendra,M
Manvir,M
Manyu,M
Maraal,M
Maraam,M
Mardav,M
Mareechi,M
Markandeya,M
Martand,M
Martanda,M
Marudeva,M
Marut,M
Maruti,M
Matanga,M
Matheysh,M
Matsyendra,M
Maulik,M
Mayank,M
Mayon,M
Maysoon,M
Mayukh,M
Mayur,M
Medh,M
Medhansh,M
Meer,M
Megh,M
Meghaj,M
Meghan,M
Meghashyam,M
Megh-naad,M
Meghdutt,M
Meghnad,M
Meghraj,M
Mehaan,M
Mehal,M
Mehtab,M
Mehul,M
Mihir,M
Mihirkiran,M
Mikesh,M
Mikul,M
Milan,M
Miland,M
Milap,M
Milind,M
Milit,M
Minal,M
Minesh,M
Misal,M
Misri,M
Mitali,M
Mitansh,M
Miten,M
Mitesh,M
Mithil,M
Mithilesh,M
Mithran,M
Mithun,M
Mitrajit,M
Mitul,M
Modak,M
Moh,M
Mohajit,M
Mohak,M
Mohal,M
Mohan,M
Mohin,M
Mohit,M
Mohnish,M
Mohul,M
Monish,M
Moorti,M
Moti,M
Motilal,M
Moulik,M
Mridul,M
Mrigaa,M
Mrigaj,M
Mrigalochan,M
Sharma,M
Sharma,M
Sharma,M
Sharma,M
Sharma,M
Mrigank,M
Mrigankamouli,M
Mrigankasekhar,M
Mrigasya,M
Mrigendra,M
Mrigesh,M
Chandra,M
Chandra,M
Chandra,M
Chandra,M
Chandra,M
Chandra,M
Chandra,M
Chandra,M
Chandra,M
Chandra,M
Chandra,M
Mrinaal,M
Mrinank,M
Mrinendra,M
Sharma,M
Sharma,M
Sharma,M
Sharma,M
Sharma,M
Sharma,M
Mritunjay,M
Mudgal,M
Mudil,M
Mudit,M
Mukesh,M
Mukta,M
Muktananda,M
Mukul,M
Mukund,M
Mukunda,M
Mukut,M
Mulkraj,M
Muna,M
Muneendra,M
Muni,M
Munish,M
Muraaree,M
Murad,M
Muralee,M
Murali,M
Muralidhar,M
Muralimanohar,M
Murari,M
Murarilal,M
Murgesh,M
Murli,M
Murugan,M
Naabhi,M
Naag,M
Naagarjun,M
Naagdhar,M
Naagendra,M
Naagesh,M
Naagpal,M
Nagpal,M
Naagpati,M
Naag-raaj,M
Naakesh,M
Naamdev,M
Naanak,M
Naaraayan,M
Naarad,M
Nabendu,M
Nabhij,M
Nabhoj,M
Nabhya,M
Nabhomani,M
Nachik,M
Nachiket,M
Nachiketa,M
Nadeen,M
Nadeesh,M
Nadish,M
Nagdhar,M
Nagendra,M
Nagesh,M
Nageshwaran,M
Naggar,M
Nahush,M
Naimish Nairit,M
Naishadh,M
Naitik,M
Nakhraj,M
Nakshatra,M
Naksatraraja,M
Nakul,M
Nal,M
Nalesh,M
Nalin,M
Nalinaksh,M
Nalinikant,M
Naman,M
Namdev,M
Namish,M
Namit,M
Nand,M
Nanda,M
Nandak,M
Nandakumar,M
Nandan,M
Nandi,M
Nandin,M
Nandish,M
Nand-kishore,M
Nandlaal,M
Nand-nandan,M
Narad,M
Narahari,M
Narasimha,M
Narayan,M
Narayana,M
Narayanan,M
Narendra,M
Narendranath,M
Naresh,M
Narhari,M
Narmad,M
Narottam,M
Narsi,M
Narsimha,M
Nartan,M
Nartana,M
Naruna,M
Natesh,M
Nateshwar,M
Nathan,M
Natraj,M
Natwar,M
Naubahar,M
Nauhar,M
Nauka,M
Naval,M
Navaj,M
Navaneet,M
Navashen,M
Naveen,M
Navin,M
Navendu,M
Navinchandra,M
Navisha,M
Navrang,M
Navratan,M
Navtej,M
Nawal,M
Nawalkishor,M
Nawar,M
Nayakan,M
Nayan,M
Nehan,M
Neel,M
Neelabh,M
Neeladri,M
Neelam,M
Neelamani,M
Neelambar,M
Neelambuj,M
Neelanchal,M
Neelanjan,M
Neelesh,M
Neelgreev,M
Neelkamal,M
Neelkanth,M
Neelmadhav,M
Neelotpal,M
Neerad,M
Neeraf,M
Neeraj,M
Neerav,M
Nehal,M
Nesayem,M
Nibaal,M
Nibodh,M
Nidhish,M
Nigam,M
Nihaar,M
Nihal,M
Nikash,M
Niket,M
Niketan,M
Nikhil,M
Nikhilesh,M
Nikunj,M
Nikunja,M
Nilabh,M
Nilay,M
Nilesh,M
Nimai,M
Nimesh,M
Nimish,M
Ninad,M
Nipun,M
Nirad,M
Niraj,M
Nirajit,M
Niramay,M
Niramitra,M
Niranjan,M
Nirankar,M
Nirav,M
Nirbhay,M
Nirbhik,M
Nirdhar,M
Nirek,M
Nirijhar,M
Niriksh,M
Nirish,M
Nirmal,M
Nirmay,M
Nirmit,M
Nirmohi,M
Nirupam,M
Nirvan,M
Nisarg,M
Nish,M
Nishad,M
Nishakar,M
Nishikar,M
Nishakant,M
Nishikant,M
Nishan,M
Nishanath,M
Nishant,M
Nishar,M
Nishat,M
Nishchal,M
Nishesh,M
Nishesh,M
Nishikaant,M
Nishil,M
Nishinath,M
Nishith,M
Nishkarsh,M
Nishok,M
Nissim,M
Nisyaanthan,M
Niteesh,M
Nitesh Nitin,M
Nitish,M
Nityagopal,M
Nityananda,M
Nityanta,M
Nitya,M
Sundara,M
Nivedh,M
Nivrutti,M
Nridev,M
Nrip,M
Nripendra,M
Nripesh,M
Nrupadh,M
Obalesh,M
Ohas,M
Ojal,M
Ojas,M
Ojayit,M
Om,M
Oma,M
Omanand,M
Omar,M
Omarjeet,M
Omesa,M
Omesh,M
Omeshwar,M
Omkar,M
Omkarnath,M
Ompati,M
Omprakash,M
Omswaroop,M
Oni,M
Oojam,M
Oorjit,M
Orion,M
Paandu,M
Paandurang,M
Paaninee,M
Paarbrahm,M
Paarth,M
Paarthiv,M
Paavak,M
Paavan,M
Padam,M
Padm,M
Padmabandhu,M
Padmadhar,M
Padmahasta,M
Padmaj,M
Padmakar,M
Padmakant,M
Padmal,M
Padmalochan,M
Padman,M
Padmanabha,M
Padmapani,M
Padmapati,M
Padmayani,M
Padmesh,M
Padminish,M
Pahal,M
Pakhi,M
Paksha,M
Pakshi,M
Palak,M
Palash,M
Palashranjan,M
Palin,M
Pallab,M
Pallav,M
Panav,M
Panchaanan,M
Panchajana,M
Panchal,M
Panchavaktra,M
Pandhari,M
Pandita,M
Panduranga,M
Pandya,M
Pankaj,M
Pankajalochana,M
Pankajan,M
Pankajeet,M
Panna,M
Pannalal,M
Pann-gesh,M
Panshul,M
Paraag,M
Paraashar,M
Parakram,M
Param,M
Paramananda,M
Paramartha,M
Paramesh,M
Parameshwar,M
Param-hans,M
Paramjeet,M
Paramjit,M
Paran,M
Paranjay,M
Parantapa,M
Paras,M
Parashar,M
Parashuraam,M
Parasme,M
Paratpara,M
Paravasu,M
Parees,M
Paresh,M
Paresha,M
Parighosh,M
Parijat,M
Pariket,M
Parikshit,M
Parimal,M
Parindra,M
Paritosh,M
Parish,M
Parmaarth,M
Parmeet,M
Parmesh,M
Parnad,M
Parnal,M
Parnik,M
Parth,M
Partha,M
Parthapratim,M
Parthasarathi,M
Parthiv,M
Parvat,M
Parvateshwar,M
Parvatinandan,M
Parvesh,M
Pashunath,M
Pashupati,M
Patag,M
Patakin,M
Pathik,M
Pathin,M
Patoj,M
Patr,M
Paurav,M
Pavak,M
Pavan,M
Pavanaj,M
Pavankumar,M
Pavansut,M
Pavitra,M
Payas,M
Payod,M
Peetambar,M
Peeyush,M
Pehlaj,M
Perumal,M
Phalak,M
Phalgun,M
Phani,M
Phaninath,M
Phanindra,M
Phanishwar,M
Phoolendu,M
Piki,M
Pinak,M
Pingal,M
Pinakin,M
Pitambar,M
Piyali,M
Piyush,M
Poonish,M
Pooran,M
Poornachandra,M
Poornanand,M
Poorv,M
Poorvaj,M
Poudhan,M
Prabal,M
Prabhakar,M
Prabhanjan,M
Prabhas,M
Prabhat,M
Prabhav,M
Prabhave,M
Prabhu,M
Prabuddha,M
Prabir,M
Prabodh,M
Prabodhan,M
Prachet,M
Pracheta,M
Prachur,M
Pradarsh,M
Pradeep,M
Pradhi,M
Pradnesh,M
Pradosh,M
Pradyot,M
Pradyumna,M
Pradyun,M
Praful,M
Prafulla,M
Pragdeesh,M
Pragnay,M
Pragnya,M
Pragun,M
Prayan,M
Prahalad,M
Prahlad,M
Prahallad,M
Prajapati,M
Prajeet,M
Prajesh,M
Prajin,M
Prajit,M
Prajval,M
Prajvala,M
Prakash,M
Prakat,M
Praket,M
Prakhar,M
Prakrit,M
Prakul,M
Pramath,M
Pramesh,M
Pramit,M
Pramod,M
Pramodan,M
Pramsu,M
Pramukh,M
Pran,M
Prana,M
Pranad,M
Pranav,M
Pranava,M
Pranay,M
Praneel,M
Praneeth,M
Pranesh,M
Pranet,M
Praney,M
Pranit,M
Pranjal,M
Pranjivan,M
Prankit,M
Prannath,M
Pranshu,M
Pransu,M
Pransukh,M
Prasad,M
Prasanna,M
Prasata,M
Prasenjit,M
Prasham,M
Prashansa,M
Prashant,M
Prashray,M
Prasoon,M
Prasuk,M
Pratap,M
Prateep,M
Prateesh,M
Prateet,M
Pratham,M
Prathamesh,M
Pratik,M
Pratosh,M
Pratul,M
Pratyush,M
Pravan,M
Pravar,M
Praveen,M
Praveer,M
Pravin,M
Pravir,M
Pravit,M
Prayaag,M
Preetam,M
Preetidutt,M
Preetish,M
Preetiwardhan,M
Prem,M
Premal,M
Premanand,M
Premendra,M
Prerit,M
Pretvan,M
Pribhakta,M
Prina,M
Prineet,M
Prinita,M
Pritam,M
Pritesh,M
Prithish,M
Prithu,M
Prithvee,M
Prithvi,M
Prithviraj,M
Pritish,M
Privrata,M
Priyaank,M
Priyadarshan,M
Priyadarshi,M
Priyaka,M
Priyal,M
Priyanesh,M
Priyanshu,M
Priyanvad,M
Priyaranjan,M
Priyesh,M
Pruthivi,M
Pujan,M
Pukhraj,M
Pulak,M
Pulakesh,M
Pulin,M
Pulkit,M
Pundalik,M
Puneet,M
Punit,M
Purahan,M
Purajit,M
Puran,M
Purandar,M
Puranjay,M
Purav,M
Purnanada,M
Purnendu,M
Purohit,M
Purshottam,M
Puru,M
Purujit,M
Purumitra,M
Pururava,M
Purushottam,M
Pusan,M
Pushkal,M
Pushkar,M
Pushp,M
Pushpad,M
Pushpak,M
Pushpakar,M
Pushpaketu,M
Pushpaj,M
Pushpendra,M
Pushpesh,M
Pushp-mitra,M
Puskara,M
Pyarelal,M
Pyaremohan,M
Raahi,M
Raajaa,M
Raajeev,M
Raajeevalochan,M
Raajyashree,M
Raakaa,M
Raakesh,M
Raam,M
Raamaanuj,M
Raamdatt,M
Rachit,M
Radhakanta,M
Radhakrishna,M
Radhavallabh,M
Radhesh,M
Radheshyam,M
Radheya,M
Radhiyaa,M
Raghav,M
Raghavendra,M
Raghbir,M
Raghu,M
Raghukumara,M
Raghunandan,M
Raghunath,M
Raghupati,M
Raghuvir,M
Ragin,M
Rahas,M
Rahul,M
Raivata,M
Raj,M
Raja,M
Rajan,M
Rajaneesh,M
Rajnish,M
Rajani,M
Rajanikant,M
Rajas,M
Rajat,M
Rajata,M
Rajatanabhi,M
Rajatshubhra,M
Rajdeep,M
Rajeev,M
Rajeevalochana,M
Rajendra,M
Rajendrakumar,M
Rajendramohan,M
Rajesh,M
Rajhans,M
Rajinipati,M
Rajit,M
Rajiv,M
Rajkumar,M
Rajrishi,M
Raju,M
Rajul,M
Rajyeshwar,M
Rakesh,M
Rakshan,M
Raktakamal,M
Ram,M
Ramadeep,M
Ramadhuta,M
Ramakaant,M
Ramakanta,M
Ramakrishna,M
Raman,M
Ramanand,M
Ramanjit,M
Ramanuj,M
Ramanuja,M
Ramashray,M
Ramavatar,M
Ramchandra,M
Ramdas,M
Ramesh,M
Rameshwar,M
Ramgopal,M
Ramkishore,M
Ramkrishna,M
Ramkumar,M
Rammohan,M
Ramnath,M
Ramprasad,M
Rampratap,M
Ramoji,M
Ramra,M
Ramratan,M
Ramswaroop,M
Rana,M
Ranadeva,M
Ranajay,M
Ranajit,M
Ranak,M
Rand,M
Randhir,M
Ranesh,M
Ranil,M
Rangana,M
Ranganath,M
Ranjan,M
Ranjay,M
Ranjit,M
Ranjiv,M
Rantidev,M
Ranveer,M
Ras,M
Rasaraj,M
Rasbihari,M
Rasesh,M
Rashmi,M
Rasik,M
Rasmaru,M
Rasna,M
Ratan,M
Ratannabha,M
Ratash,M
Rathin,M
Ratinderpal,M
Ratish,M
Ratnabhu,M
Ratnakar,M
Ratnanidhi,M
Ratnesh,M
Ratul,M
Raunak,M
Ravalnath,M
Raveendra,M
Raven,M
Ravi,M
Ravikanth,M
Ravikeerti,M
Ravikiran,M
Ravinandan,M
Ravindra,M
Ravindranath,M
Ravinshu,M
Ravish,M
Ravisharan,M
Ravishu,M
Ravit,M
Ray,M
Rayirth,M
Rebanta,M
Renaud,M
Renesh,M
Renit,M
Resham,M
Revanth,M
Richan,M
Riddhiman,M
Ridit,M
Rigved,M
Riju,M
Rijul,M
Rikin,M
Rimon,M
Ripu,M
Ripudaman,M
Rishaan,M
Rishab,M
Rishabh,M
Rishi,M
Rishik,M
Rishikesh,M
Rishit,M
Rishvanjas,M
Ritesh,M
Rithik,M
Riti,M
Ritul,M
Rituraaj,M
Ritvik,M
Rivan,M
Rochak,M
Rochan,M
Rohak,M
Rohan,M
Rohanlal,M
Rohin,M
Rohiniraman,M
Rohinish,M
Rohit,M
Rohitasva,M
Rohtak,M
Romila,M
Romir,M
Ronak,M
Ronav,M
Ronit,M
Roopak,M
Roopesh,M
Ronsher,M
Roshan,M
Ruchir,M
Rudr,M
Rudra,M
Rudrapriya,M
Ruhan,M
Rujul,M
Rukm,M
Rukminesh,M
Rupak,M
Rupang,M
Rupendra,M
Rupesh,M
Rupeshwar,M
Rupin,M
Rushabh,M
Rusham,M
Rushang,M
Rusheek,M
Rushil,M
Rustam,M
Rutajit,M
Rutajit,M
Rutesh,M
Rutva,M
Rutvij,M
Rwiju,M
Saagar,M
Saakaar,M
Saanjh,M
Saaras,M
Saatatya,M
Saatvik,M
Sabal,M
Sabhya,M
Sabyasachi,M
Sabrang,M
Sachh,M
Sacchidananda,M
Sachchit,M
Sachet,M
Sachetan,M
Sachin,M
Sachish,M
Sachit,M
Sachiv,M
Sadabindu,M
Sadanand,M
Sadar,M
Sadashiv,M
Sadashiva,M
Sadavir,M
Sadeepan,M
Sadgun,M
Sadhan,M
Sadhil,M
Sadiva,M
Sadru,M
Safal,M
Saffar,M
Sagan,M
Sagar,M
Sagardutt,M
Sagun,M
Saguna,M
Sahaj,M
Sahar,M
Sahara,M
Saharsh,M
Sahas,M
Sahasrad,M
Sahastrabahu,M
Sahastrajit,M
Sahasya,M
Sahat,M
Sahaya,M
Sahadev,M
Sahen,M
Sahib,M
Sahil,M
Sahishnu,M
Sai,M
SaiAmartya,M
Saicharan,M
SaiDeep,M
SaiJeevadhara,M
SaiKalakala,M
SaiKalateeta,M
Saikiran,M
Sailadev,M
Sainath,M
Saiprasad,M
Saipratap,M
Sai Satpurusha,M
Sajal,M
Sajan,M
Sajiv,M
Sajiva,M
Sajjan,M
Saju,M
Sakaleshwar,M
Sakash,M
Saket,M
Saketharaman,M
Saksham,M
Sakshum,M
Salarjung,M
Salaj,M
Salil,M
Salokh,M
Samaah,M
Samabashiv,M
Samaj,M
Samajas,M
Samaksh,M
Samanyu,M
Samar,M
Samarendra,M
Samarendu,M
Samarjit,M
Samarpan,M
Samarth,M
Samavart,M
Sambaran,M
Sambha,M
Sambhav,M
Sambit,M
Sambodh,M
Sambuddha,M
Samdarshi,M
Sameep,M
Sameer,M
Samen,M
Samendu,M
Samesh,M
Samhita,M
Sami,M
Samik,M
Samin,M
Samir,M
Samividhan,M
Sammad,M
Sampada,M
Sampath,M
Sampoorn,M
Samranpal,M
Samrat,M
Samrudh,M
Samskar,M
Samskara,M
Samudra,M
Samudragupta,M
Samudrasen,M
Samvar,M
Samyak,M
Sanaatan,M
Sanat,M
Sanatana,M
Sanchay,M
Sanchit,M
Sandeep,M
Sandeepen,M
Sandesh,M
Sanhata,M
Sanjay,M
Sanjeev,M
Sanjit,M
Sanjiv,M
Sanjivan,M
Sanjog,M
Sankara,M
Sankalp,M
Sankarshan,M
Sanket,M
Sankul,M
Sannath,M
Sannibh,M
Sannidhi,M
Sannigdh,M
Sanobar,M
Sanshray,M
Sanskar,M
Santan,M
Santosh,M
Sanurag,M
Sanwariya,M
Sanyog,M
Sapan,M
Saprathas,M
Saptajit,M
Saptarishi,M
Saptanshu,M
Sarana,M
Sarang,M
Saral,M
Saransh,M
Saras,M
Sarasi,M
Sarasija,M
Sarasvat,M
Sarat,M
Sarathy,M
Saravana,M
Sarayu,M
Sarbajit,M
Sarbani,M
Sargam,M
Sarin,M
Sarish,M
Sarit,M
Sarngin,M
Sarojin,M
Sartaj,M
Sarthak,M
Sarup,M
Sarva,M
Sarvad,M
Sarvadaman,M
Sarvadev,M
Sarvadharin,M
Sarvag,M
Sarvagny,M
Sarvak,M
Sarvambh,M
Sarvan,M
Sarvang,M
Sarvapalaka,M
Sarvashay,M
Sarvavas,M
Sarvendra,M
Sarvesh,M
Sarveshvara,M
Sarwar,M
Sashang,M
Sashreek,M
Sashanth,M
Sashwat,M
Sasi,M
Sasidhar,M
Sasmit,M
Sasta,M
Satadev,M
Satamanyu,M
Satanand,M
Satayu,M
Sateendra,M
Satesh,M
Sathi,M
Sathindar,M
Satin,M
Satinath,M
Satindra,M
Satish,M
Satishchandra,M
Satkartar,M
Satpal,M
Satpati,M
Satrajit,M
Satruijt,M
Satvamohan,M
Satvat,M
Satveer,M
Satvik,M
Satvinder,M
Satya,M
Satyadarshi,M
Satyadev,M
Satyajit,M
Satyak,M
Satyakaam,M
Satyaki,M
Satyam,M
Satyamurty,M
Satyanarayan,M
Satyankar,M
Satyaprakash,M
Satyapriya,M
Satyasheel,M
Satyashrawaa,M
Satyavaan,M
Satyavache,M
Satyavrat,M
Satyen,M
Satyendra,M
Saubal,M
Saubhadra,M
Saudeep,M
Saumit,M
Saumitr,M
Saumitra,M
Saumya,M
Saunak,M
Saurabh,M
Saurav,M
Saurjyesh,M
Sava,M
Savar,M
Savir,M
Savit,M
Savitashri,M
Savitendra,M
Savya,M
Savyasachi,M
Sawan,M
Seemanta,M
Sekhar,M
Selva,M
Sena,M
Senajit,M
Senthil,M
Seshadri,M
Setu,M
Seva,M
Sevak,M
Shaan,M
Shaandilya,M
Shaant,M
Shaarav,M
Shaardul,M
Shaashwat,M
Shabar,M
Shadab,M
Shagun,M
Shahalad,M
Shail,M
Shaildhar,M
Shailen,M
Shailendra,M
Shailesh,M
Shakti,M
Shaktidhar,M
Shakuni,M
Shakunt,M
Shakyasinha,M
Shalabh,M
Shalang,M
Shaligram,M
Shalik,M
Shalin,M
Shalina,M
Shalmali,M
Shalya,M
Shamak,M
Shamakarn,M
Shambhavi,M
Shambhu,M
Shameek,M
Shami,M
Shamik,M
Shamindra,M
Shamita,M
Shams,M
Shanay,M
Shandar,M
Shankar,M
Shankarshan,M
Shankdhar,M
Shankh,M
Shankhapani,M
Shankhi,M
Shankhin,M
Shankir,M
Shanmukha,M
Shansa,M
Shantanav,M
Shantan,M
Shantanu,M
Shantashil,M
Shantidev,M
Shantimay,M
Shantinath,M
Shantiprakash,M
Shanyu,M
Sharad,M
Sharadchandra,M
Sharadendu,M
Sharan,M
Sharang,M
Sharat,M
Shardul,M
Shari,M
Sharu,M
Sharvarish,M
Shashank,M
Shashee,M
Shashi,M
Shashibhushan,M
Shashidhar,M
Shashikant,M
Shashikar,M
Shashikiran,M
Shashimohan,M
Shashin,M
Shashipushpa,M
Shashish,M
Shashishekhar,M
Shashvata,M
Sashriti,M
Shashwat,M
Shataaneek,M
Shataayu,M
Shatadru,M
Shatarupa,M
Shatjit,M
Shat-manyu,M
Shat-padm,M
Shatrughan,M
Shatrughna,M
Shatrujit,M
Shatrunjay,M
Shattesh,M
Shraunak,M
Shravan,M
Shravana,M
Shravankumar,M
Shray,M
Shree,M
Shreedhar,M
Shreeharsh,M
Shreekant,M
Shreekrishna,M
Shreekumar,M
shrikumar,M
Shreeman,M
Shreepriya,M
Shreepushp,M
Shreerang,M
Shreesh,M
Shreevallabh,M
Shrenik,M
Shreshta,M
Shresth,M
Shresthi,M
Shrey,M
Shreyank,M
Shreyansh,M
Shreyas,M
Sreyas,M
Shreyash,M
Shreyovardhana,M
Shrida,M
Shridhar,M
Shrigopal,M
Shrihan,M
Shrihari,M
Shrikant,M
Shrikar,M
Shrikeshav,M
Shrikrishna,M
Shrikumar,M
Shrimat,M
Shrimate,M
Shrimohan,M
Shrinand,M
Shrinath,M
Shringesh,M
Shriniketan,M
Shrinivas,M
Shripad,M
Shripadma,M
Shripal,M
Shripati,M
Shriram,M
Shriranga,M
Shriranjan,M
Shrish,M
Shrisha,M
Shrivarah,M
Shrivardhan,M
Shrivas,M
Shrivatsa,M
Shrivatsav,M
Shriyadita,M
Shriyans,M
Shrot,M
Shrutakeerti,M
Shrutik,M
Shubendra,M
Shubhang,M
Shubhankar,M
Shubhashis,M
Shubh,M
Shubhaksh,M
Shubhan,M
Shubhasunad,M
Shubhay,M
Shubhendu,M
Shubhojit,M
Shubhranshu,M
Shubhratho,M
Shuddhashil,M
Shuk,M
Shukla,M
Shukra,M
Shuktij,M
Shulabh,M
Shulandhar,M
Shulin,M
Shuna,M
Shushil,M
Shvant,M
Shvetambar,M
Shvetang,M
Shvetank,M
Shvetanshu,M
Shvetavah,M
Shwetambar,M
Shwetanshu,M
Shwetbhanu,M
Shyam,M
Shyamak,M
Shyamal,M
Shyamantak,M
Shyamsunder,M
Siamak,M
Sidak,M
Siddak,M
Siddha,M
Siddhadev,M
Siddhanath,M
Siddhanta,M
Siddharth,M
Siddhesh,M
Siddheshwar,M
Siddhraj,M
Siddid,M
Sihaam,M
Sikandar,M
Simrit,M
Smrita,M
Sindhu,M
Sindhunath,M
Sinha,M
Sinhag,M
Sinhvahan,M
Siraj,M
Sitakanta,M
Sitanshu,M
Sitaram,M
Sitikantha,M
Sivanta,M
Skand,M
Smarajit,M
Smaran,M
Smiren,M
Smritiman,M
Sneagen,M
Snehakant,M
Snehal,M
Snehil,M
Snithik,M
Sohal,M
Soham,M
Sohan,M
Sohil,M
Sokanathan,M
Soleil,M
Som,M
Somadev,M
Somali,M
Somansh,M
Somanshu,M
Somashekhar,M
Somasindhu,M
Sombir,M
Somendra,M
Somesh,M
Someshwar,M
Somil,M
Somkar,M
Somnath,M
Somprakash,M
Sonit,M
Sopaan,M
Soumava,M
Soumil,M
Sourabh,M
Souradip,M
Sourish,M
Sourja,M
Sparsh,M
Sreeghan,M
Sreevalsan,M
Sriashwin,M
Sriansh,M
Srichaitra,M
Sridatta,M
Sridhar,M
Srihith,M
Srijan,M
Srijesh,M
Srikant,M
Srikar,M
Srinesh,M
Srinish,M
Srinivas,M
Sriram,M
Srivant,M
Srivar,M
Srivatsav,M
Stavya,M
Sthavir,M
Sthir,M
Stotri,M
Subaahu,M
Subal,M
Subali,M
Subandhu,M
Subeer,M
Subeesh,M
Subhadr,M
Subhag,M
Subhan,M
Subhang,M
Subhas,M
Subhash,M
Subhendu,M
Subhradip,M
Subinay,M
Subodh,M
Subrahmanya,M
Subramani,M
Subratah,M
Suchendra,M
Suchet,M
Suchin,M
Suchir,M
Suchit,M
Sudalai,M
Sudama,M
Sudarshan,M
Suday,M
Sudeep,M
Sudeepta,M
Sudesha,M
Sudev,M
Sudeva,M
Sudhakar,M
Sudhamay,M
Sudhang,M
Sudhanshu,M
Sudhanssu,M
Sudhanvan,M
Sudhendra,M
Sudhindra,M
Sudhir,M
Sudhish,M
Sudhit,M
Sudin,M
Sudip,M
Sudir,M
Sugandh,M
Sugata,M
Sughosh,M
Sugriva,M
Suhas,M
Suhrit,M
Suhruda,M
Sujal,M
Sujan,M
Sujash,M
Sujat,M
Sujay,M
Sujendran,M
Sujetu,M
Sujit,M
Suka,M
Sukant,M
Sukanta,M
Sukarma,M
Sukarman,M
Sukumar,M
Suketu,M
Sukhajat,M
Sukhakar,M
Sukhamay,M
Sukhashakt,M
Sukhdev,M
Sukhesh,M
Sukhwant,M
Sukrant,M
Sukrit,M
Sukumar,M
Sukumara,M
Sukumaran,M
Sulabh,M
Sulalit,M
Sulek,M
Suloch,M
Sulochan,M
Sumadhur,M
Suman,M
Sumangal,M
Sumant,M
Sumantu,M
Sumanyu,M
Sumati,M
Sumatinath,M
Sumay,M
Sumed,M
Sumedh,M
Sumeer,M
Sumeet,M
Sumeru,M
Sumesh,M
Sumiran,M
Sumit,M
Sumitr,M
Sumitranandan,M
Sumukh,M
Sunand,M
Sunam,M
Sunandan,M
Sunar,M
Sunashi,M
Sunay,M
Sunchit,M
Sundar,M
Sundara,M
Sunder,M
Suneet,M
Sunil,M
Sunirmal,M
Sunjeev,M
Suparn,M
Supash,M
Suprabhaat,M
Suprakash,M
Suprasanna,M
Supratik,M
Supratim,M
Supreet,M
Suprit,M
Sur,M
Suradhish,M
Suradip,M
Suragan,M
Suraj,M
Surajit,M
Surajiv,M
Suram,M
Suran,M
Suranjan,M
Surarihan,M
Suras,M
Surath,M
Surbhup,M
Surdaas,M
Surdeep,M
Suren,M
Surendra,M
Suresh,M
Sureshwar,M
Suri,M
Surjeet,M
Surnath,M
Surshri,M
Surup,M
Surush,M
Suryaansh,M
Surya,M
Suryabhan,M
Suryadev,M
Suryakant,M
Suryanshu,M
Suryaprakash,M
Suryashankar,M
Suryansh,M
Suryesh,M
Susadh,M
Susan,M
Susen,M
Sushant,M
Sushen,M
Susher,M
Sushil,M
Sushim,M
Sushobhan,M
Sushrut,M
Susil,M
Sutantu,M
Sutapa,M
Sutara,M
Sutej,M
Sutirth,M
Sutosh,M
Sutoya,M
Suvan,M
Suvarn,M
Suvas,M
Suvel,M
Suvidh,M
Suvimal,M
Suvir,M
Suvrata,M
Suyamun,M
Suyati,M
Suyash,M
Svamin,M
Svaminath,M
Svang,M
Svanik,M
Svar,M
Svaraj,M
Svarg,M
Svarna,M
Svarpati,M
Svayambhu,M
Svayambhut,M
Swadhin,M
Swagat,M
Swajith,M
Swami,M
Swaminath,M
Swapan,M
Swapnesh,M
Swapnil,M
Swaraj,M
Swarit,M
Swarnim,M
Swarnapurishwara,M
Swarup,M
Swastik,M
Swatantar,M
Swayambhu,M
Swetaketu,M
Swetank,M
Swethan,M
Syamantak,M
Syon,M
Syum,M
Shauchin,M
Shauna,M
Shaunak,M
Shaurav,M
Shauri,M
Shaurya,M
Shay,M
Shaylan,M
Sheehan,M
Sheil,M
Shekhar,M
Shesanand,M
Shesh,M
Sheshdhar,M
Shevantilal,M
Shibhya,M
Shighra,M
Shikhandin,M
Shikhar,M
Shilang,M
Shilendra,M
Shilish,M
Shineyu,M
Shinjan,M
Shipirist,M
Shirdi Prasad,M
Shirish,M
Shirom,M
Shiromani,M
Shishir,M
Shishirchandra,M
Shishirkana,M
Shishirkumar,M
Shishupal,M
Shishul,M
Shitiz,M
Shitikanth,M
Shiv,M
Shivadev,M
Shivam,M
Shivanand,M
Shivanath,M
Shivank,M
Shivansh,M
Shivas,M
Shivasunu,M
Shiven,M
Shivendra,M
Shivendu,M
Shivesh,M
Shiveshvar,M
Shivkumar,M
Shivlal,M
Shivraj,M
Shivram,M
Shivshankar,M
Shivshekhar,M
Shlesh,M
Shlok,M
Shobhan,M
Shoor,M
Shoora,M
Shoorsen,M
Shoubhit,M
Shraunak,M
Shravan,M
Shravana,M
Shravankumar,M
Shray,M
Shree,M
Shreedhar,M
Shreeharsh,M
Shreekant,M
Shreekrishna,M
Shreekumar,M
hrikumar,M
Shreeman,M
Shreepriya,M
Shreepushp,M
Shreerang,M
Shreesh,M
Shreevallabh,M
Shrenik,M
Shreshta,M
Shresth,M
Shresthi,M
Shrey,M
Shreyank,M
Shreyansh,M
Shreyas,M
Sreyas,M
Shreyash,M
Shreyovardhana,M
Shrida,M
Shridhar,M
Shrigopal,M
Shrihan,M
Shrihari,M
Shrikant,M
Shrikar,M
Shrikeshav,M
Shrikrishna,M
Shrikumar,M
Shrimat,M
Shrimate,M
Shrimohan,M
Shrinand,M
Shrinath,M
Shringesh,M
Shriniketan,M
Shrinivas,M
Shripad,M
Shripadma,M
Shripal,M
Shripati,M
Shriram,M
Shriranga,M
Shriranjan,M
Shrish,M
Shrisha,M
Shrivarah,M
Shrivardhan,M
Shrivas,M
Shrivatsa,M
Shrivatsav,M
Shriyadita,M
Shriyans,M
Shrot,M
Shrutakeerti,M
Shrutik,M
Shubendra,M
Shubhang,M
Shubhankar,M
Shubhashis,M
Shubh,M
Shubhaksh,M
Shubhan,M
Shubhasunad,M
Shubhay,M
Shubhendu,M
Shubhojit,M
Shubhranshu,M
Shubhratho,M
Shuddhashil,M
Shuk,M
Shukla,M
Shukra,M
Shuktij,M
Shulabh,M
Shulandhar,M
Shulin,M
Shuna,M
Shushil,M
Shvant,M
Shvetambar,M
Shvetang,M
Shvetank,M
Shvetanshu,M
Shvetavah,M
Shwetambar,M
Shwetanshu,M
Shwetbhanu,M
Shyam,M
Shyamak,M
Shyamal,M
Shyamantak,M
Shyamsunder,M
Siamak,M
Sidak,M
Siddak,M
Siddha,M
Siddhadev,M
Siddhanath,M
Siddhanta,M
Siddharth,M
Siddhesh,M
Siddheshwar,M
Siddhraj,M
Siddid,M
Sihaam,M
Sikandar,M
Simrit,M
Sindhu,M
Sindhunath,M
Sinha,M
Sinhag,M
Sinhvahan,M
Siraj,M
Sitakanta,M
Sitanshu,M
Sitaram,M
Sitikantha,M
Sivanta,M
Skand,M
Smarajit,M
Smaran,M
Smiren,M
Smritiman,M
Sneagen,M
Snehakant,M
Snehal,M
Snehil,M
Snithik,M
Sohal,M
Soham,M
Sohan,M
Sohil,M
Sokanathan,M
Soleil,M
Som,M
Somadev,M
Somali,M
Somansh,M
Somanshu,M
Somashekhar,M
Somasindhu,M
Sombir,M
Somendra,M
Somesh,M
Someshwar,M
Somil,M
Somkar,M
Somnath,M
Somprakash,M
Sonit,M
Sopaan,M
Soumava,M
Soumil,M
Sourabh,M
Souradip,M
Sourish,M
Sourja,M
Sparsh,M
Sreeghan,M
Sreevalsan,M
Sriashwin,M
Sriansh,M
Srichaitra,M
Sridatta,M
Sridhar,M
Srihith,M
Srijan,M
Srijesh,M
Srikant,M
Srikar,M
Srinesh,M
Srinish,M
Srinivas,M
Sriram,M
Srivant,M
Srivar,M
Srivatsav,M
Stavya,M
Sthavir,M
Sthir,M
Stotri,M
Subaahu,M
Subal,M
Subali,M
Subandhu,M
Subeer,M
Subeesh,M
Subhadr,M
Subhag,M
Subhan,M
Subhang,M
Subhas,M
Subhash,M
Subhendu,M
Subhradip,M
Subinay,M
Subodh,M
Subrahmanya,M
Subramani,M
Subratah,M
Suchendra,M
Suchet,M
Suchin,M
Suchir,M
Suchit,M
Sudalai,M
Sudama,M
Sudarshan,M
Suday,M
Sudeep,M
Sudeepta,M
Sudesha,M
Sudev,M
Sudeva,M
Sudhakar,M
Sudhamay,M
Sudhang,M
Sudhanshu,M
Sudhanssu,M
Sudhanvan,M
Sudhendra,M
Sudhindra,M
Sudhir,M
Sudhish,M
Sudhit,M
Sudin,M
Sudip,M
Sudir,M
Sugandh,M
Sugata,M
Sughosh,M
Sugriva,M
Suhas,M
Suhrit,M
Suhruda,M
Sujal,M
Sujan,M
Sujash,M
Sujat,M
Sujay,M
Sujendran,M
Sujetu,M
Sujit,M
Suka,M
Sukant,M
Sukanta,M
Sukarma,M
Sukarman,M
Sukumar,M
Suketu,M
Sukhajat,M
Sukhakar,M
Sukhamay,M
Sukhashakt,M
Sukhdev,M
Sukhesh,M
Sukhwant,M
Sukrant,M
Sukrit,M
Sukumar,M
Sukumara,M
Sukumaran,M
Sulabh,M
Sulalit,M
Sulek,M
Suloch,M
Sulochan,M
Sumadhur,M
Suman,M
Sumangal,M
Sumant,M
Sumantu,M
Sumanyu,M
Sumati,M
Sumatinath,M
Sumay,M
Sumed,M
Sumedh,M
Sumeer,M
Sumeet,M
Sumeru,M
Sumesh,M
Sumiran,M
Sumit,M
Sumitr,M
Sumitranandan,M
Sumukh,M
Sunand,M
Sunam,M
Sunandan,M
Sunar,M
Sunashi,M
Sunay,M
Sunchit,M
Sundar,M
Sundara,M
Sunder,M
Suneet,M
Sunil,M
Sunirmal,M
Sunjeev,M
Suparn,M
Supash,M
Suprabhaat,M
Suprakash,M
Suprasanna,M
Supratik,M
Supratim,M
Supreet,M
Suprit,M
Sur,M
Suradhish,M
Suradip,M
Suragan,M
Suraj,M
Surajit,M
Surajiv,M
Suram,M
Suran,M
Suranjan,M
Surarihan,M
Suras,M
Surath,M
Surbhup,M
Surdaas,M
Surdeep,M
Suren,M
Surendra,M
Suresh,M
Sureshwar,M
Suri,M
Surjeet,M
Surnath,M
Surshri,M
Surup,M
Surush,M
Suryaansh,M
Surya,M
Suryabhan,M
Suryadev,M
Suryakant,M
Suryanshu,M
Suryaprakash,M
Suryashankar,M
Suryansh,M
Suryesh,M
Susadh,M
Susan,M
Susen,M
Sushant,M
Sushen,M
Susher,M
Sushil,M
Sushim,M
Sushobhan,M
Sushrut,M
Susil,M
Sutantu,M
Sutapa,M
Sutara,M
Sutej,M
Sutirth,M
Sutosh,M
Sutoya,M
Suvan,M
Suvarn,M
Suvas,M
Suvel,M
Suvidh,M
Suvimal,M
Suvir,M
Suvrata,M
Suyamun,M
Suyati,M
Suyash,M
Svamin,M
Svaminath,M
Svang,M
Svanik,M
Svar,M
Svaraj,M
Svarg,M
Svarna,M
Svarpati,M
Svayambhu,M
Svayambhut,M
Swadhin,M
Swagat,M
Swajith,M
Swami,M
Swaminath,M
Swapan,M
Swapnesh,M
Swapnil,M
Swaraj,M
Swarit,M
Swarnim,M
Swarnapurishwara,M
Swarup,M
Swastik,M
Swatantar,M
Swayambhu,M
Swetaketu,M
Swetank,M
Swethan,M
Syamantak,M
Syon,M
Syum,M
Taarank,M
Taha,M
Tahir,M
Tahoma,M
Tajdar,M
Taksa,M
Taksha,M
Takshak,M
Taksheel,M
Talaketu,M
Talank,M
Talin,M
Talish,M
Tamal,M
Tamas,M
Tamil,M
Tamila,M
Tamish,M
Tamkinat,M
Tamoghna,M
Tamonash,M
Tamra,M
Tana,M
Tanak,M
Tanav,M
Tanay,M
Tanish,M
Tanishq,M
Tanmay,M
Tanuj,M
Tanul,M
Tandeep,M
Tanveer,M
Tapan,M
Tapas,M
Tapasendra,M
Tapasranjan,M
Tapendra,M
Tapesh,M
Tapomay,M
Taporaj,M
Tarachand,M
Tarachandra,M
Taradhish,M
Tarak,M
Tarakesh,M
Tarakeshwar,M
Taraknath,M
Taraksh,M
Taral,M
Taran,M
Tarang,M
Tarani,M
Taranjot,M
Taraprashad,M
Tarendra,M
Taresh,M
Tarik,M
Tarit,M
Tarosh,M
Taru,M
Tarusa,M
Tarun,M
Taruntapan,M
Tashvin,M
Tathagat,M
Tatharaj,M
Tatya,M
Tautik,M
Tavish,M
Teerth,M
Teerthankar,M
Tegvir,M
Tej,M
Tejal,M
Tejas,M
Tejeshwar,M
Tejomay,M
Thakarshi,M
Thakur,M
Thaman,M
Thashan,M
Thavanesh,M
Thayalan,M
Thulasitharan,M
Tijil,M
Tilak,M
Timin,M
Timmy,M
Timothy,M
Tirranand,M
Tirthankar,M
Tirthayaad,M
Tirumala,M
Tirupathi,M
Tisyaketu,M
Titir,M
Toshan,M
Toya,M
Toyesh,M
Trailokva,M
Triambak,M
Tribhuvan,M
Tridev,M
Tridhaman,M
Tridhatri,M
Tridib,M
Tridiva,M
Trigun,M
Trigya,M
Trijal,M
Trikay,M
Trilochan,M
Trilok,M
Trilokchand,M
Trilokesh,M
Trilokanath,M
Trimaan,M
Trimurti,M
Trinabh,M
Trinath,M
Tripur,M
Pappu,M
Pappi,F
Trinayan,M
Tripurajit,M
Tripurari,M
Trisanu,M
Trishan,M
Trishanku,M
Trishar,M
Pappi,F
Trishul,M
Trishulank,M
Trishulin,M
Trivikram,M
Tufan,M
Tuhin,M
Tuhinsurra,M
Tuka,M
Tukaram,M
Tulsikumar,M
Tulsidaas,M
Tunava,M
Tunda,M
Tunganath,M
Tungar,M
Tungesh,M
Tungeshwar,M
Tungish,M
Turag,M
Turvasu,M
Tushaar,M
Tusharkanti,M
Tusharsuvra,M
Tusya,M
Tuvidyumna,M
Tuvijat,M
Tyaagaraaj,M
Tyagraja,M
Uday,M
Udayan,M
Udbhav,M
Uddhav,M
Udeep,M
Udit,M
Ujesh,M
Ujjwal,M
Ulhas,M
Umachandra,M
Umakant,M
Umang,M
Umesh,M
Unmesh,M
Upanshu,M
Upendra,M
Ushapati,M
Uttam,M
Utkarsh,M
Utpal,M
Vaachaspati,M
Vaageesh,M
Vaakpati,M
Vaalmeeki,M
Vaaman,M
Vaamdev,M
Vaanee,M
Vaasavadatta,M
Vaasuki,M
Vaatsyaayan,M
Vaayu,M
Vachan,M
Vachaspati,M
Vadin,M
Vadish,M
Vagindra,M
Vagish,M
Vahin,M
Vaibhav,M
Vaidyanaath,M
Vaijayi,M
Vaijnath,M
Vaikartan,M
Vaikhan,M
Vaikunth,M
Vaikuntanath,M
Vainavin,M
Vairaj,M
Vairaja,M
Vairat,M
Vairinchya,M
Vairochan,M
Vaisak,M
Vaishant,M
Vaishnav,M
Vaishwaanar,M
Vaiwaswat,M
Vajasani,M
Vajendra,M
Vajraang,M
Vajrabaahu,M
Vajradhar,M
Vajrahast,M
Vajrajit,M
Vajrakaya,M
Vajraksha,M
Vajramani,M
Vajrapaani,M
Vajrin,M
Vakrabhuj,M
Vakratund,M
Valaak,M
Vallabh,M
Valmiki,M
Vama,M
Vamadev,M
Vamsi,M
Vamsidhar,M
Vamsikrishna,M
Vanabihari,M
Vanad,M
Vanadev,M
Vanajit,M
Vanamalin,M
Vandan,M
Vanhi,M
Vanij,M
Vaninadh,M
Vanmaalee,M
Vanraaj,M
Vansh,M
Vansheedhar,M
Vanshya,M
Varid,M
Varidhvaran,M
Variya,M
Varendra,M
Varaah,M
Varaahamihir,M
Vardaan,M
Varad,M
Varadaraaj,M
Varana,M
Vardhaman,M
Vardhan,M
Varesh,M
Vareshvar,M
Varij,M
Varin,M
Varindra,M
Varish,M
Variyas,M
Varshik,M
Vartanu,M
Varun,M
Varunesh,M
Vasant,M
Vasantamaalika,M
Vasav,M
Vasavaj,M
Vashisht,M
Vasistha,M
Vasu,M
Vasudev,M
Vasuki,M
Vasuman,M
Vasumat,M
Vasumitra,M
Vasupati,M
Vasur,M
Vasuroop,M
Vasusen,M
Vatatmaj,M
Vatradhara,M
Vatsa,M
Vatsal,M
Vatsapal,M
Vatsar,M
Vatsin,M
Vaydeesh,M
Vayu,M
Vayujat,M
Vayun,M
Vayunand,M
Vayya,M
Ved,M
Vedanga,M
Vedant,M
Vedanth,M
Vedaprakash,M
Vedatman,M
Vedatmane,M
Vedavrata,M
Vedbhushan,M
Vedesh,M
Vedmohan,M
Vedavyaas,M
Veekshith,M
Veer,M
Veerbhadra,M
Veerendra,M
Veerottam,M
Velan,M
Venavir,M
Veni,M
Venimadhav,M
Venkat,M
Venkataramananandan,M
Venkatesh,M
Venu,M
Venumadhav,M
Venugopal,M
Veydant,M
Viamrsh,M
Vibhaakar,M
Vibhaavasu,M
Vibhas,M
Vibhat,M
Vibhavasu,M
Vibhishan,M
Vibhor,M
Vibhu,M
Vibhudendra,M
Vibhumat,M
Vibhusnu,M
Vibhut,M
Vibodh,M
Vidarbh,M
Videh,M
Vidhatru,M
Vidhesh,M
Vidhu,M
Vidhyadhar,M
Vidip,M
Vidit,M
Vidojas,M
Vidur,M
Vidvan,M
Vidvatam,M
Vidyaaranya,M
Vidyacharan,M
Vidyadhar,M
Vidyaranya,M
Vidyasagar,M
Vidyut,M
Vighnajit,M
Vighnaraaj,M
Vighnesh,M
Vighneshwar,M
Vigrah,M
Vihaan,M
Vihanga,M
Vihang,M
Vijay,M
Vijayant,M
Vijayarathna,M
Vijayendra,M
Vijayesh,M
Vijayketu,M
Vijeesh,M
Vijendra,M
Vijeta,M
Vijigeesh,M
Vijul,M
Vijval,M
Vikarnan,M
Vikas,M
Vikat,M
Vikern,M
Vikesh,M
Vikram,M
Vikramaditya,M
Vikramajit,M
Vikramendra,M
Vikramin,M
Vikrant,M
Viksar,M
Vikunth,M
Vikyath,M
Vilaas,M
Vilochan,M
Vilohit,M
Vilok,M
Vilokan,M
Vimal,M
Vimaladitya,M
Vimalmani,M
Vimridh,M
Vinaayak,M
Vinahast,M
Vinamar,M
Vinay,M
Vineet,M
Vinesh,M
Vinil,M
Vinochan,M
Vinod,M
Vinoo,M
Vipan,M
Vipaschit,M
Vipin,M
Vipinbehari,M
Viplav,M
Vipreet,M
Vipul,M
Vir,M
Viraaj,M
Viraat,M
Virabhadra,M
Viral,M
Viranath,M
Viranchi,M
Virasana,M
Virat,M
Virata,M
Virbhanu,M
Virendra,M
Viresh,M
Vireshvar,M
Virikvas,M
Virinchi,M
Virochan,M
Virudh,M
Virurch,M
Visamaksh,M
Vishal,M
Vishaalaaksh,M
Vishakh,M
Vishalya,M
Vishantak,M
Vishatan,M
Vishesh,M
Vishikh,M
Vishnahpu,M
Vishnay,M
Vishnu,M
Vishnudutt,M
Vishodhan,M
Vishram,M
Vishresh,M
Vishruth,M
Vishtasp,M
Vishv,M
Vishva,M
Vishvadev,M
Vishvadhar,M
Vishvag,M
Vishvahetu,M
Vishvajit,M
Vishvakarma,M
Vishvaketu,M
Vishvam,M
Vishvamitra,M
Vishvanabh,M
Vishvanaath,M
Vishvaretas,M
Vishvatma,M
Vishvesh,M
Vishwaamitra,M
Vishwaas,M
Vishwajeet,M
Vishwakarma,M
Vishwambhar,M
Vishwamitra,M
Vishwankar,M
Vishwaroop,M
Vishwast,M
Vishwasth,M
Vishwatma,M
Vishweshwar,M
Vismay,M
Visvajit,M
Visvayu,M
Viswanath,M
Vitabhay,M
Vitaharya,M
Vitashokha,M
Vitasta,M
Vithala,M
Vitola,M
Vittanath,M
Vittesh,M
Vitthal,M
Vivaan,M
Vivan,M
Vivash,M
Vivaswat,M
Vivatma,M
Vivek,M
Vivekananda,M
Vivin,M
Vrajakishore,M
Vrajalal,M
Vrajamohan,M
Vrajanadan,M
Vrajesh,M
Vrajraj,M
Vratesh,M
Vrisa,M
Vrisag,M
Vrisan,M
Vrisangan,M
Vrisapati,M
Vrishab,M
Vrishabh,M
Vrishabhaanu,M
Vrishank,M
Vrishin,M
Vrisini,M
Vyan,M
Vyasa,M
Vyom,M
Vyomaang,M
Vyomdev,M
Vyomakesh,M
Vyomesh,M
Vyshnav,M
Yadav,M
Yadavendra,M
Yadu,M
Yadunandan,M
Yadunath,M
Yaduraj,M
Yaduvir,M
Yagna,M
Yagnesh,M
Yagya,M
Yagyasen,M
Yagyesh,M
Yaj,M
Yajat,M
Yajnadhar,M
Yajnarup,M
Yajnesh,M
Yaksha,M
Yamahil,M
Yamajit,M
Yamha,M
Yamir,M
Yash,M
Yashas,M
Yashmit,M
Yashodev,M
Yashodhan,M
Yashodhar,M
Yashovardhana,M
Yashovarman,M
Yashpal,M
Yashraj,M
Yashvasin,M
Yashwant,M
Yasti,M
Yathavan,M
Yatin,M
Yatindra,M
Yatish,M
Yatiyasa,M
Yatnesh,M
Yayati,M
Yayin,M
Yog,M
Yogadeva,M
Yoganidra,M
Yogendra,M
Yogesh,M
Yograj,M
Yogi,M
Yoginampati,M
Yogine,M
Yogini,M
Yogiraj,M
Yojit,M
Yudhajit,M
Yudhisthir,M
Yugandhar,M
Yugantar,M
Yukta,M
Yuval,M
Yuvaraj,M
Yuyutsu,M
Zahin,M
Zaiden,M
Zain,M
Zaki,M
Zeeshan,M
Zahir,M
Zakiy,M
Zamir,M
Zarir,M
Zev,M
Zayd,M
Aarav,M
Aaryan,M
Vivaan,M
Advik,M
Devansh,M
Reyaansh,M
Ishan,M
Krishna,M
Shaurya,M
Tejas,M
Vihaan,M
Kabir,M
Ritwik,M
Arush,M
Darsh,M
Arnab,M
Abhijit,M
Benoy,M
Bhaskar,M
Deepankar,M
Gaurav,M
Joy,M
Pranab,M
Subhash,M
Sudeep,M
Aditya,M
Sahil,M
Rishab,M
Roshan,M
Rohan,M
Rahul,M
Akash,M
Arvind,M
Saurav,M
Akhilesh,M
Daman,M
Ashutosh,M
Mayank,M
Anuj,M
Yash,M
Lalit,M
Karan,M
Kshitij,M
Nikhil,M
Tanay,M
Ankur,M
Ankit,M
Saman,M
Samar,M
Nipun,M
Shashank,M
Sachin,M
Virat,M
Yuvraj,M
Vaibhav,M
Samarth,M
Vineet,M
Varun,M
Siddhartha,M
Sharad,M
Swapnil,M
Akshay,M
Jay,M
Jatin,M
Aayush,M
Akhil,M
Amish,M
Ashmit,M
Gaurav,M
Prabhav,M
Love,M
Jalaj,M
Bhavit,M
Vaibhav,M
Pranav,M
Navjot,M
Avnish,M
Shivam,M
Arjun,M
Himanshu,M
Praful,M
Abeer,M
Harman,M
Utkarsh,M
Sajel,M
Deepak,M
Sanjay,M
Anil,M
Anubhav,M
Ashaant,M
Ranveer,M
Samarth,M
Saagar,M
Hitul,M
Mohit,M
Sandeep,M
Maanav,M
Mridul,M
Naveen,M
Charan,M
Vidhu,M
Sukhi,M
Raghav,M
Chaahat,M
Jeevesh,M
Manan,M
Daaman,M
Bhaanu,M
Vikas,M
Vijay,M
Viksit,M
Suraj,M
Prem,M
Sundar,M
Udit,M
Yajur,M
Sudhir,M
Sumeet,M
Sumit,M
Saksham,M
Hemant,M
Avish,M
Animesh,M
Aashi,F
Aashirya,F
Abha,F
Abhilasha,F
Aditi,F
Aisha,F
Aishani,F
Aishwarya,F
Ajanta,F
Akriti,F
Akshita,F
Alisha,F
Alka,F
Ambika,F
Ambuja,F
Amita,F
Amrita,F
Amulya,F
Anamika,F
Anandi,F
Ananya,F
Anchal,F
Angana,F
Anganaa,F
Anika,F
Anisha,F
Anishaa,F
Anishka,F
Anita,F
Anjali,F
Anjana,F
Anju,F
Anjushree,F
Ankita,F
Anshika,F
Anshu,F
Anubha,F
Anuja,F
Anupriya,F
Anuradha,F
Anusha,F
Anushka,F
Anushri,F
Anvi,F
Aparna,F
Apsara,F
Apurva,F
Apoorva,F
Aradhana,F
Aaarti,F
Arti,F
Archa,F
Archan,F
Archana,F
Arpana,F
Arpita,F
Arshia,F
Aru,F
Aruna,F
Arunima,F
Arushi,F
Aryahi,F
Aseema,F
Ashima,F
Asha,F
Ashita,F
Ashmita,F
Ashna,F
Ashnaa,F
Ashni,F
Ashwini,F
Asmee,F
Asmita,F
Astha,F
Atreyi,F
Avani,F
Avantika,F
Ayesha,F
Bala,F
Banita,F
Barkha,F
Bhamini,F
Bhavana ,F
Bhavna,F
Bhavani,F
Bhavika,F
Bhavini,F
Bhavya,F
Bhoomika,F
Bhuvana,F
Bijal,F
Bijli,F
Bindiya,F
Bindu,F
Bipasha,F
Chanda,F
Chandani,F
Chandini,F
Charu,F
Charvi,F
Cheshta,F
Chetana,F
Chetna,F
Chhavi,F
Chhaya,F
Chitra,F
Daksha,F
Dakshata,F
Dakshi,F
Damini,F
Darsha,F
Deepa,F
Deepali,F
Deepashikha,F
Deepika,F
Deepti,F
Devaki,F
Devangi,F
Devashree,F
Deveshi,F
Devika,F
Devyani,F
Dhanya,F
Dhriti,F
Dhwani,F
Diksha,F
Dipti,F
Disha,F
Dishita,F
Divya,F
Drishti,F
Ektaa,F
Ekta,F
Elina,F
Esha,F
Eshani,F
Eshita,F
Falak,F
Falguni,F
Phalguni,F
Farha,F
Garima,F
Gaura,F
Gauri,F
Gayatri,F
Geeti,F
Gita,F
Geeta,F
Gitanjali,F
Gitika,F
Gopika,F
Gunjan,F
Harita,F
Harsh,F
Harsha,F
Harshita,F
Hemangi,F
Hena,F
Henna,F
Himani,F
Indu,F
Ipsa,F
Ipsita,F
Isha,F
Ishani,F
Ishita,F
Ishta,F
Jagriti,F
Janaki,F
Jaya,F
Jayanti,F
Jayita,F
Jeevika,F
Jhalak,F
Jyoti,F
Jyotsna,F
Kajal,F
Kajol,F
Kalpana,F
Kamini,F
Kamya,F
Kanak,F
Kanan,F
Kanchan,F
Kanika,F
Kanupriya,F
Kareena,F
Karishma,F
Karuna,F
Kashika,F
Kashish,F
Kashmira,F
Kashvi,F
Kasturi,F
Kavika,F
Kavita,F
Keshika,F
Keshini,F
Khushboo,F
Khushi,F
Khyati,F
Kiran,F
Kirti,F
Komal,F
Kopal,F
Kritika,F
Krittika,F
Kushali,F
Kusum,F
Laksha,F
Lakshmi,F
Laxmi,F
Lavanya,F
Lily,F
Lipi,F
Madhulika,F
Mahima,F
Maithili,F
Mythili,F
Malini,F
Manisha,F
Manju,F
Manjusha,F
Manjusri,F
Manvi,F
Maya,F
Medha,F
Meena,F
Meenakshi,F
Meera,F
Megha,F
Meghna,F
Minal,F
Minati,F
Mini,F
Misha,F
Meesha,F
Mishti,F
Mita,F
Meeta,F
Mitul,F
Mohini,F
Monica,F
Mridula,F
Mudita,F
Muskaan,F
Naina,F
Naini,F
Nalini,F
Namita,F
Namrata,F
Namya,F
Nanda,F
Nandini,F
Nandita,F
Natasha,F
Neeti,F
Neha,F
Nehal,F
Netra,F
Nidhi,F
Niharika,F
Nihira,F
Nikhita,F
Nikki,F
Nila,F
Nima,F
Nimeesha,F
Nina,F
Neena,F
Naveenta,F
Nirmala,F
Navneet,F
Nirupama,F
Nisha,F
Nishi,F
Nishita,F
Nishtha,F
Niti,F
Nitya,F
Niyati,F
Noopur,F
Noori,F
Nutan,F
Ojal,F
Ojasvi,F
Ojaswini,F
Oorja,F
Padimni,F
Padma,F
Padmaja,F
Padmini,F
Palak,F
Pallavi,F
Parul,F
Parvani,F
Parvati,F
Parveen,F
Pavni,F
Pavitra,F
Payal,F
Phalak,F
Phalguni,F
Pooja,F
Puja,F
Poonam,F
Prabha,F
Prabhati,F
Prachi,F
Pragati,F
Prakriti,F
Prashanti,F
Prateeksha,F
Pratibha,F
Pratima,F
Pratishtha,F
Preeti,F
Prem,F
Prema,F
Prerana,F
Prerita,F
Preyasi,F
Priti,F
Priya,F
Priyam,F
Priyanka,F
Punita,F
Purnima,F
Poornima,F
Purva,F
Purvaja,F
Pushp,F
Raakhi,F
Rakhi,F
Rachana,F
Radha,F
Radhika,F
Ragini,F
Rajani,F
Rajini,F
Rajeshvari,F
Raji,F
Rajkumari,F
Rajvi,F
Raksha,F
Ramita,F
Ramona,F
Ramya,F
Rani,F
Ranita,F
Ranjana,F
Ranjini,F
Rashi,F
Raashi,F
Rashmi,F
Ratna,F
Rhea,F
Ria,F
Rekha,F
Rena,F
Renu,F
Renuka,F
Reshmi,F
Reva,F
Rewa,F
Rea,F
Richa,F
Riddhi,F
Rishika,F
Rishima,F
Rishita,F
Ritika,F
Ritu,F
Riya,F
Rohini,F
Rohita,F
Roma,F
Romila,F
Roopma,F
Roshana,F
Roshni,F
Rosy,F
Rucha,F
Ruchi,F
Ruchira,F
Ruchita,F
Ruhani,F
Ruhi,F
Rukmini,F
Rupa,F
Roopa,F
Rupal,F
Rupali,F
Rupakshi,F
Rupika,F
Saatvika,F
Sadhana,F
Sadhika,F
Sagarika,F
Sakhi,F
Sakshi,F
Saloni,F
Samantha,F
Samriddhi,F
Sanchaya,F
Sanchita,F
Sandhya,F
Sangeeta,F
Saniya,F
Sanjana,F
Sanjukta,F
Sanskriti,F
Santosh,F
Sanyukta,F
Sapan,F
Saparna,F
Sapna,F
Sara,F
Sarakshi,F
Sarala,F
Sarla,F
Sarika,F
Sarita,F
Saroj,F
Saroja,F
Sati,F
Satya,F
Savita,F
Seema,F
Sejal,F
Shaila,F
Shaili,F
Shailja,F
Shakti,F
Shalini,F
Shambhavi,F
Shamita,F
Sharada,F
Shashi,F
Sheela,F
Sheetal,F
Shefali,F
Shejali,F
Shikha,F
Shiksha,F
Shilpa,F
Shilpi,F
Shilpika,F
Shilpita,F
Shipra,F
Shivangi,F
Shivani,F
Shivika,F
Shobha,F
Shobhana,F
Shobhita,F
Shraddha,F
Shravani,F
Shresthi,F
Shreya,F
Shreyashi,F
Shri,F
Shridevi,F
Shrijani,F
Shruti,F
Shubhangi,F
Shubhi,F
Shubhra,F
Shuchi,F
Shuchita,F
Shukla,F
Shweta,F
Shyama,F
Shyamal,F
Shyla,F
Sia,F
Siya,F
Sibani,F
Shibani,F
Siddhi,F
Siddhika,F
Siddhima,F
Simi,F
Simran,F
Simrit,F
Smrita,F
Simrita,F
Sita,F
Smita,F
Smiti,F
Smriti,F
Smruti,F
Sneh,F
Sneha,F
Snigda,F
Snigdha,F
Sona,F
Sonakshi,F
Sonal,F
Sonali,F
Sonia,F
Sonika,F
Sonya,F
Soumya,F
Sourabhi,F
Spoorthi,F
Spoorti,F
Srishti,F
Sristi,F
Stuti,F
Subhadra,F
Subhagya,F
Subhashini,F
Suchi,F
Suchita,F
Suchitra,F
Sudiksha,F
Suditi,F
Sugita,F
Suhani,F
Suhas,F
Suhasini,F
Sujata,F
Sujaya,F
Sukriti,F
Suman,F
Sumedha,F
Sumita,F
Sunaina,F
Sunayana,F
Sunanda,F
Sunandini,F
Sunandita,F
Suneeti,F
Sunetra,F
Sunita,F
Suniti,F
Suparna,F
Suprabha,F
Supreet,F
Supriti,F
Supriya,F
Surekha,F
Susmita,F
Swapna,F
Swasti,F
Swati,F
Tamanna,F
Tanaya,F
Tanisha,F
Tanmayi,F
Tanu,F
Tanuja,F
Tanushri,F
Tanvi,F
Tanya,F
Tapani,F
Tapati,F
Tara,F
Taruna,F
Tejal,F
Tejas,F
Tejasvi,F
Tejaswi,F
Tejaswini,F
Tripta,F
Tripti,F
Trisha,F
Trishala,F
Trishna,F
Triveni,F
Triya,F
Trushna,F
Tuhina,F
Tulika,F
Tulsi,F
Tusti,F
Udita,F
Uditi,F
Ujas,F
Ujjanini,F
Ujjwala,F
Ulka,F
Uma,F
Unnati,F
Upama,F
Upasana,F
Urja,F
Urmi,F
Urmila,F
Urvashi,F
Urvi,F
Usha,F
Ushma,F
Ushmil,F
Yamini,F
Yatee,F
Yogita,F
Yukta,F
Yukti,F
